E_20,ZnPc_20,E_40,ZnPc_40,E_55,ZnPc_55,E_70,ZnPc_70,E_90,ZnPc_90
270.19992,0.039316151,270.20102,0.03331548,270.2002,0.02738728,270.1998,0.03211505,270.20248,0.026451275
270.30038,0.038349599,270.30029,0.028250344,270.30035,0.02988302,270.30066,0.031203659,270.29993,0.02603763
270.40048,0.0355042,270.39804,0.028611848,270.40021,0.029569907,270.40094,0.021681966,270.39966,0.018530617
270.50085,0.034431182,270.49963,0.028570516,270.50003,0.024997925,270.50043,0.027894361,270.50034,0.024752526
270.60025,0.037773468,270.59976,0.028575772,270.59988,0.030689966,270.59998,0.029612312,270.60019,0.027435184
270.70023,0.03575312,270.70029,0.030446712,270.70062,0.031148272,270.70023,0.027699916,270.69992,0.025777739
270.79675,0.033768538,270.80054,0.027957305,270.79944,0.025619837,270.80002,0.021774635,270.79974,0.022281514
270.89978,0.034997802,270.8999,0.029164735,270.89856,0.02515264,270.90042,0.026486551,270.89999,0.026299737
271.00046,0.034765318,270.99997,0.025028111,271,0.026896864,271.0007,0.027630167,271.00284,0.025983552
271.10052,0.033266619,271.10028,0.028108258,271.10013,0.026240885,271.10019,0.023872087,271.10022,0.020026024
271.19952,0.031260006,271.20038,0.025631813,271.2001,0.024130739,271.20035,0.021473918,271.20407,0.019659558
271.29559,0.033715434,271.30069,0.025655776,271.3002,0.025485788,271.29678,0.025160598,271.3009,0.024270764
271.4007,0.033316936,271.40018,0.028469376,271.40067,0.027355436,271.40033,0.025402717,271.39999,0.022654783
271.50003,0.032344643,271.50024,0.02795996,271.49896,0.026270442,271.49979,0.019089015,271.49951,0.019518025
271.59778,0.029069621,271.59747,0.025807682,271.60107,0.022076787,271.60101,0.020787647,271.60025,0.021316845
271.69995,0.031461447,271.69678,0.02447878,271.6998,0.024040909,271.70062,0.024254603,271.70032,0.025049511
271.79944,0.030873833,271.80023,0.026152411,271.79636,0.024695363,271.80011,0.023616476,271.79929,0.022482721
271.89951,0.027748134,271.89987,0.024412556,271.89984,0.023211008,271.90054,0.01319771,271.90033,0.015261166
271.99951,0.031135757,271.99213,0.027426658,272.00015,0.022804517,272.00037,0.022393366,271.99982,0.021773178
272.09991,0.031990949,272.1004,0.024150645,272.10123,0.026963905,272.09979,0.022091581,272.10043,0.023509832
272.20105,0.030815776,272.20071,0.025155818,272.20038,0.026077412,272.20065,0.021612404,272.19989,0.023465186
272.30042,0.025906745,272.29874,0.021956416,272.29993,0.022037013,272.29996,0.011240938,272.3006,0.012562531
272.39816,0.02823725,272.39996,0.021428756,272.40002,0.019576171,272.39981,0.019547073,272.40021,0.020435141
272.49985,0.028201876,272.50067,0.020379907,272.50006,0.023040636,272.50067,0.019746615,272.50015,0.020030335
272.5994,0.026056603,272.59967,0.02171257,272.60172,0.022041624,272.60019,0.019576157,272.60028,0.019051569
272.70068,0.023623012,272.70029,0.02124472,272.70047,0.019185139,272.69958,0.0088740261,272.70056,0.011476992
272.80112,0.024897162,272.79764,0.022788735,272.79993,0.01666598,272.79959,0.016843351,272.80008,0.019704245
272.89951,0.024107484,272.9007,0.022205314,272.90027,0.020106593,272.90073,0.016180525,272.90082,0.018097635
272.99695,0.024528861,272.99991,0.022502396,272.99588,0.019723156,273.00003,0.014690204,272.99988,0.016554318
273.10031,0.023547618,273.09201,0.020529699,273.09976,0.018134212,273.10022,0.010022438,273.10071,0.0086158253
273.19153,0.025423059,273.20294,0.019818902,273.20068,0.016638413,273.19995,0.017632427,273.19958,0.016869593
273.30054,0.024794413,273.30011,0.020374546,273.30334,0.019416979,273.30087,0.01709424,273.2999,0.015862966
273.40067,0.022681139,273.4003,0.019945554,273.39963,0.017611651,273.40085,0.014907323,273.3999,0.014758604
273.50009,0.021001175,273.50027,0.016878704,273.50003,0.014830698,273.50018,0.010931937,273.50037,0.0068653109
273.59955,0.023662861,273.60046,0.016167445,273.60291,0.013245933,273.60062,0.015204237,273.60028,0.015663579
273.70074,0.0229358,273.70062,0.017551929,273.70016,0.016999228,273.70081,0.015058722,273.69934,0.014158245
273.79959,0.020801364,273.79688,0.017822009,273.8002,0.015731355,273.80167,0.012249626,273.79971,0.013776277
273.89993,0.018294573,273.90268,0.016928077,273.90045,0.014084657,273.90021,0.010718959,273.90002,0.0051573468
273.99939,0.019921517,274.00021,0.014322996,273.99988,0.012479291,274.00058,0.014361227,274.00113,0.014062071
274.10001,0.019496819,274.10013,0.016993735,274.10062,0.015853461,274.09995,0.014349533,274.09979,0.013557354
274.20178,0.01639659,274.20428,0.014537956,274.20084,0.014064156,274.20004,0.0053817895,274.20044,0.012289154
274.29977,0.013708168,274.29974,0.013810179,274.29977,0.013234787,274.2995,0.01107391,274.3002,0.0051812325
274.39984,0.016629102,274.39893,0.012812531,274.40005,0.011140497,274.40048,0.012914627,274.40018,0.011406324
274.50064,0.016096028,274.50018,0.015484377,274.50073,0.013483578,274.50027,0.011881164,274.50262,0.010780084
274.60049,0.014382095,274.60062,0.013291101,274.60016,0.01158298,274.6004,0.0067682909,274.60431,0.010860835
274.70053,0.013863879,274.70004,0.011698975,274.7005,0.0082004843,274.70016,0.010639409,274.69995,0.0034730313
274.80054,0.014229225,274.80038,0.011111431,274.7988,0.010855548,274.79898,0.011787709,274.80042,0.010660558
274.89984,0.014962083,274.90091,0.013787426,274.90015,0.012127369,274.89908,0.010186674,274.90005,0.0094250031
275.00012,0.012310641,275.00043,0.012109826,275.00003,0.0096604889,274.99908,0.0025422412,275.00061,0.0077405288
275.10461,0.012843659,275.09964,0.009558267,275.10217,0.0078645833,275.10056,0.0097921072,275.10025,0.0037594582
275.20041,0.013005338,275.19995,0.012763957,275.20029,0.0095504243,275.19916,0.0085979886,275.2002,0.0091237267
275.30038,0.012354768,275.29953,0.011484402,275.30069,0.0092980508,275.29987,0.0075411014,275.30032,0.0079458281
275.40027,0.0091682523,275.40036,0.0091920728,275.39957,0.007488477,275.3999,0.0028098456,275.39975,0.006816512
275.49963,0.011519922,275.49994,0.0072394731,275.50073,0.0058531906,275.49988,0.0083081964,275.50021,0.0044880616
275.59686,0.012272479,275.59979,0.010037378,275.59991,0.0091513302,275.59991,0.0089570619,275.60049,0.009721593
275.70007,0.012493341,275.69971,0.010646723,275.70102,0.0083963657,275.70041,0.0058301575,275.7002,0.0088634584
275.79984,0.0082260715,275.80008,0.0073395059,275.80203,0.00557335,275.79996,0.0039619496,275.80023,0.0057973294
275.89993,0.011651263,275.90097,0.0065540085,275.90027,0.004254194,275.89981,0.0078385398,275.9003,0.004281457
275.99768,0.010267047,276.00018,0.0095966365,276.00015,0.0089440038,275.99957,0.0074365707,276.00034,0.007474863
276.10086,0.0093807848,276.10007,0.0092699192,276.09985,0.0085061984,276.10031,0.0015455462,276.09976,0.0072960388
276.19995,0.0064599626,276.20026,0.0080968384,276.20026,0.0063633448,276.20059,0.0055794381,276.20013,0.0013641566
276.29977,0.0095526222,276.30026,0.0066838036,276.30011,0.0046123867,276.30072,0.0081942957,276.3006,0.0067850733
276.40002,0.009015101,276.39734,0.0094479267,276.39984,0.0068017477,276.40085,0.0065636337,276.40024,0.0075709978
276.50052,0.0080608744,276.50031,0.009004917,276.50003,0.0063998341,276.50098,0.00021586375,276.50119,0.0074635134
276.5997,0.0045764153,276.60031,0.0061373077,276.60236,0.0035973191,276.59976,0.0037904242,276.59998,-0.0002640048
276.69943,0.0058610346,276.69974,0.0049256268,276.70013,0.00071655132,276.70056,0.0061734524,276.69983,0.0057113776
276.80069,0.0056564668,276.79999,0.0074502844,276.80063,0.0055957083,276.7999,0.0071357782,276.79614,0.0042813383
276.8999,0.0042428426,276.90051,0.0064544906,276.90012,0.0047230818,276.89981,-0.0012417741,276.89978,0.0052431207
277.00012,0.0021394747,277.00232,0.0055174748,276.99985,0.004291811,277.00027,0.0028640223,277.00424,-0.0028266031
277.09988,0.0034106136,277.10049,0.0024605973,277.09998,0.0028500173,277.09991,0.003879176,277.10025,0.005030347
277.20029,0.0028804941,277.1994,0.0032203009,277.2005,0.0047378438,277.19424,0.0029585459,277.20038,0.003194968
277.29916,0.0021143153,277.29993,0.0022265688,277.29999,0.0032204837,277.30011,-0.0034105498,277.30017,-0.0025988219
277.40015,0.00064108538,277.40009,0.00026482169,277.39975,-0.00058077776,277.40012,0.0009958517,277.39987,0.00048537969
277.50024,0.0036155751,277.49973,0.001123347,277.49991,0.00076461775,277.50024,0.0024520278,277.50009,0.0033740096
277.59604,0.0021578518,277.60019,0.0028147323,277.59973,0.0018914421,277.60016,0.0016054387,277.6015,0.0020706938
277.69977,-0.00038279383,277.69995,0.00063428882,277.70016,-0.00050869473,277.69989,-0.0040200991,277.70065,-0.0066634319
277.7998,0.0011485222,277.80023,0.00041819512,277.80002,-0.0020457257,277.80115,0.00045344693,277.80026,0.0022062552
277.9007,0.0036397779,277.89957,0.0025994889,277.9003,0.00080916792,277.89819,0.0028976039,277.90018,0.0027756093
278.00006,0.0030651367,278.00027,0.0025695204,277.9993,0.00088387157,277.99936,-6.156024e-05,277.99982,0.0024404824
278.09964,0.00052412529,278.10007,0.00069255114,278.10043,-0.00049161108,278.09982,-0.0062218197,278.10037,-0.005454313
278.20016,0.0026844256,278.20047,-0.0013700792,278.19974,-0.00087610929,278.2001,0.0013458924,278.2001,0.0039898693
278.30075,0.0026575213,278.30081,0.0021943327,278.29315,0.00077569723,278.29984,0.003073402,278.30005,0.0029605036
278.39969,0.0024169313,278.39941,0.0021344468,278.40076,0.00099294155,278.39758,0.00065503095,278.40021,0.00070902845
278.49936,0.001667216,278.50061,0.0014644946,278.50211,0.0016878647,278.50064,0.0013012916,278.50024,-0.0018631398
278.59357,0.002562653,278.60028,-0.0014136536,278.5994,-0.0016251361,278.5997,0.0023266398,278.60107,0.0020876585
278.70029,0.0017722156,278.70047,0.0015254369,278.70035,0.0012587499,278.69998,0.0015175864,278.70062,0.0011479028
278.79935,-0.0016012782,278.8002,-0.00099816418,278.79926,-0.001593689,278.7998,-0.0044813422,278.79974,-0.0045287935
278.90021,-0.0013766451,278.9003,-0.00030927215,278.90015,-0.0014870074,278.90015,-0.0015409549,278.90073,-0.0020969319
279.00021,-0.00066162937,279.00055,-0.0043300935,278.99982,-0.0032789663,278.99915,6.4446169e-05,279.00037,-0.0001134754
279.10034,-0.0025182723,279.1011,-0.001477018,279.10089,0.0014066313,279.10016,0.00065666129,279.10046,-0.00031648148
279.19986,-0.0051163007,279.19983,-0.0042090854,279.19974,-0.001462659,279.20074,-0.0062739351,279.20001,-0.0062927338
279.29965,-0.0038855742,279.30017,-0.0016477079,279.29965,-0.00058313296,279.29996,-0.0016279076,279.30035,-0.0016823187
279.39996,-0.00364656,279.40045,-0.005611375,279.40067,-0.0043035541,279.39984,-0.0010250671,279.4007,0.00047234949
279.50082,-0.0046536666,279.50052,-0.0027775485,279.49969,-0.00029675793,279.4996,-0.0012277567,279.49951,-0.00010329247
279.5997,-0.008358622,279.60355,-0.0065515344,279.60007,-0.0030317341,279.59796,-0.0097956872,279.60068,-0.0073241554
279.70007,-0.0038424036,279.70227,-0.0034033852,279.69714,-0.00030186644,279.69965,-0.00061989384,279.70053,-0.0012665191
279.80075,-0.0016607995,279.7998,-0.0050309165,279.79977,-0.0033187727,279.79959,0.0017255608,279.80136,0.00026163206
279.90009,-0.0029712254,279.89923,-0.0021197847,279.90039,-0.0016757899,279.8996,0.00052224071,279.90027,-0.00052225572
280.00043,-0.005675829,279.99625,-0.0048976936,280.00067,-0.0044848397,280.00021,-0.0081583532,280.00037,-0.0087304479
280.0994,-0.004318743,280.10019,-0.0045342823,280.10077,-0.0024116144,280.09918,-0.00020253976,280.10049,-0.0024717033
280.20062,-0.0051871352,280.19952,-0.007320154,280.19952,-0.0083187753,280.19995,-0.0014494298,280.19992,-0.0026591879
280.29581,-0.0061272061,280.29929,-0.0050712181,280.29974,-0.0030733985,280.30017,-0.0010432446,280.30188,-0.0012194008
280.39935,-0.0095818341,280.39966,-0.0075481012,280.40018,-0.0066022836,280.40033,-0.010557891,280.39969,-0.0089667514
280.49982,-0.0066566784,280.49979,-0.0058606067,280.49359,-0.0039662598,280.50058,-0.0015890413,280.50018,-0.00059970532
280.60037,-0.0060163527,280.59863,-0.0064408076,280.5968,-0.0046891803,280.60056,-0.00092619588,280.6011,-0.00073756039
280.69861,-0.0049801474,280.69974,-0.0039817053,280.70065,-0.0011703462,280.70032,0.00024878958,280.6998,-0.00080109003
280.79987,-0.0073438613,280.79984,-0.0049815183,280.80017,-0.0029858241,280.79938,-0.0077488511,280.80011,-0.0062706079
280.90036,-0.0044113598,280.90021,-0.0045417296,280.89935,-0.0030191289,280.9003,0.00053132954,280.89944,0.0006631756
281.00061,-0.0054153986,281.00031,-0.002559213,280.99997,-0.00560357,281.00021,0.00021440204,281.00034,0.0013087931
281.09973,-0.0075276876,281.10025,-0.0039862921,281.0994,-0.004075197,281.09973,-0.00054306065,281.10046,-6.9975504e-05
281.20016,-0.0063001132,281.20013,-0.0035358605,281.20032,-0.0029057465,281.20151,-0.0056144814,281.20065,-0.0045684772
281.29999,-0.0057214196,281.29965,-0.0068198605,281.2995,-0.003158319,281.30038,-0.00068227859,281.30054,0.00093720516
281.40094,-0.0047675311,281.3999,-0.0036739791,281.40091,-0.000804557,281.39972,0.00098498259,281.40079,0.0018958043
281.49966,-0.0072756717,281.50073,-0.0047613531,281.50043,-0.0018850067,281.49976,-0.005041718,281.50037,-0.0015355066
281.59967,-0.0038086043,281.59985,-0.0023010138,281.59976,0.0017637957,281.59735,0.0010869271,281.60001,-0.00065609696
281.69952,-0.0031790293,281.69962,-0.0052680629,281.7001,-0.0022658892,281.70044,0.0023801045,281.70059,0.0023409466
281.79987,-0.0034508293,281.79977,-0.0020874711,281.80078,0.0021887308,281.80042,0.0028072032,281.80048,0.0044375029
281.89954,-0.0036800215,281.89984,-0.0013668067,281.90005,0.0022225331,281.90002,-0.0027225555,281.90005,0.0008674867
282.00006,3.9230599e-05,282.00024,0.0016765684,281.99933,0.0056369081,281.99997,0.00545152,282.00061,0.004703287
282.10202,0.001904457,282.1004,0.0018593436,282.10004,0.0015246909,282.09665,0.0068708165,282.10062,0.0079604993
282.19839,0.0049660476,282.20029,0.0066278349,282.20041,0.0099634174,282.19226,0.0085682301,282.19745,0.010375455
282.30051,0.007531262,282.30002,0.0080195339,282.29984,0.0090864124,282.30026,0.0023412006,282.29959,0.0052050389
282.39868,0.0063808821,282.40033,0.0099773901,282.40051,0.012217696,282.40082,0.010092732,282.40039,0.011930695
282.50177,0.0063688653,282.49948,0.0049220449,282.49939,0.007172015,282.49286,0.011097166,282.50043,0.012936789
282.59982,0.0050663478,282.6001,0.0095395846,282.60086,0.012001082,282.60016,0.014230048,282.60052,0.014821638
282.69489,0.0043484331,282.69958,0.009439243,282.69995,0.014678173,282.69989,0.005262454,282.6998,0.011236378
282.80139,0.0039188666,282.7998,0.0097629968,282.79996,0.01263812,282.80054,0.018779397,282.80014,0.019825114
282.90005,0.0022448401,282.90045,0.0065380833,282.90082,0.015628753,282.90094,0.020200305,282.90063,0.023955943
283.00031,0.00062231434,282.99927,0.010123239,283.00345,0.018881945,283.00031,0.023529824,283.00006,0.027011415
283.10001,0.0039826939,283.10001,0.014758276,283.09933,0.025123581,283.09964,0.020334782,283.10071,0.027876904
283.19971,0.0041076746,283.20102,0.019304179,283.20032,0.027020629,283.19958,0.036012478,283.2001,0.041137293
283.30032,0.0075680441,283.30035,0.023611829,283.30157,0.038700305,283.30426,0.047194667,283.30017,0.051793996
283.401,0.005445539,283.40012,0.031646952,283.40048,0.047380559,283.4003,0.054370772,283.40042,0.063907765
283.50012,0.020708241,283.49954,0.052696478,283.5,0.075839661,283.49982,0.077988096,283.49969,0.089600183
283.60101,0.03648119,283.59964,0.083132111,283.60187,0.12013233,283.60025,0.15012804,283.60052,0.16679722
283.70023,0.088334195,283.7002,0.17611101,283.69989,0.27783102,283.7005,0.35260454,283.70074,0.39074925
283.80029,0.19014257,283.79935,0.38161418,283.7999,0.580091,283.79956,0.72673285,283.79922,0.81250805
283.89987,0.31832486,283.89359,0.62247062,283.90018,0.96217942,283.89966,1.1849742,283.8996,1.3174325
284.00171,0.44039613,284.00037,0.88565648,284.00003,1.2953708,284.00177,1.5982436,284.00162,1.7950478
284.10089,0.50540942,284.09998,1.0243129,284.10013,1.4853574,284.10046,1.796394,284.10016,2.0193603
284.19962,0.52768993,284.19757,1.0702622,284.2005,1.54114,284.19351,1.8733764,284.19189,2.1230879
284.3002,0.52446705,284.30023,1.0586475,284.29932,1.5146118,284.30005,1.8230355,284.3002,2.0549743
284.39972,0.50861597,284.401,1.0173937,284.40045,1.4581701,284.40012,1.7638311,284.39975,1.9824066
284.49951,0.50234789,284.50037,0.99603403,284.50052,1.4319676,284.50018,1.7187288,284.50168,1.9374473
284.60034,0.50626856,284.59982,0.99146312,284.60034,1.4314845,284.60025,1.7256629,284.60059,1.9451464
284.70023,0.56170046,284.69989,1.0744007,284.70032,1.5797917,284.70023,1.9631046,284.70032,2.1773257
284.80011,0.70644224,284.80011,1.3207268,284.7995,1.9889357,284.80032,2.5212076,284.79977,2.7858348
284.90048,0.91246939,284.8999,1.7274915,284.90015,2.588074,284.90005,3.1560512,284.89734,3.6072824
285,1.1110566,285.00171,2.1140351,285.00146,3.1700084,284.99521,3.9701157,284.99948,4.4115214
285.10156,1.1487414,285.10031,2.2336648,285.10071,3.302978,285.10056,4.0841465,285.09964,4.5766025
285.19962,1.0337006,285.20386,2.0187874,285.19998,2.96192,285.20084,3.7138636,285.20053,4.1525826
285.30008,0.86921632,285.30328,1.6982211,285.30005,2.5112669,285.29996,3.0901864,285.29276,3.522331
285.39987,0.72266644,285.40048,1.4135824,285.40091,2.0621262,285.39987,2.5173986,285.39969,2.8308611
285.50049,0.52692997,285.49994,1.0512494,285.50018,1.5286592,285.50061,1.8750651,285.50009,2.0912652
285.59723,0.41970068,285.59967,0.82527363,285.60019,1.2043265,285.60025,1.4640276,285.60031,1.6452367
285.70236,0.34247532,285.69965,0.68056405,285.69821,0.9922139,285.70013,1.2067029,285.69965,1.3765506
285.7988,0.30408299,285.7998,0.59826636,285.79968,0.86726719,285.80008,1.0543433,285.7995,1.1765919
285.89941,0.28470403,285.8999,0.55047238,285.90045,0.7892223,285.90002,0.96496308,285.90015,1.0806694
285.99982,0.27386901,286.00104,0.51266646,286.00009,0.73577416,286.00024,0.88786763,286.00031,0.9866392
286.09372,0.26537892,286.10049,0.48668748,286.10001,0.68290627,286.10034,0.81876355,286.09973,0.91718173
286.20023,0.2669526,286.1994,0.47255766,286.1998,0.65729088,286.19977,0.79138839,286.19955,0.86856258
286.29605,0.28507984,286.29593,0.48779058,286.29971,0.67025352,286.29727,0.80406356,286.30014,0.89903241
286.40369,0.33741358,286.40018,0.54343361,286.40005,0.7425409,286.39911,0.87189573,286.39948,0.96612978
286.49942,0.40586236,286.49942,0.62209994,286.50024,0.82487041,286.49924,0.95726299,286.49997,1.0613065
286.59451,0.50912279,286.60007,0.74621892,286.60141,0.96777362,286.60019,1.1108394,286.60059,1.2158711
286.7002,0.63299441,286.70023,0.89163643,286.70099,1.1470433,286.70041,1.3346325,286.70001,1.456344
286.80005,0.78523648,286.79965,1.1087837,286.80124,1.4583322,286.80066,1.7057369,286.79974,1.8584343
286.89984,0.91128933,286.89969,1.3198619,286.90018,1.7264693,286.89264,1.9879196,286.89078,2.1653209
286.9996,0.95350361,287.00003,1.3723317,287.00085,1.7902925,286.99728,2.0135882,286.99942,2.2149291
287.10059,0.93703306,287.09949,1.3043432,287.10031,1.6367044,287.10019,1.8589495,287.10193,2.0323954
287.20013,0.9025923,287.19983,1.2021248,287.20074,1.485047,287.20059,1.6640724,287.1998,1.8043253
287.30066,0.85402888,287.30008,1.092066,287.29984,1.3092933,287.29996,1.4403439,287.3002,1.5520332
287.40085,0.81125635,287.40134,0.99407005,287.40024,1.1685663,287.39954,1.2758958,287.40057,1.3701786
287.50323,0.78504628,287.5004,0.93562067,287.49991,1.0850304,287.49973,1.1875871,287.49646,1.2661148
287.60022,0.7769984,287.59918,0.91056073,287.59943,1.0560685,287.59976,1.1379552,287.59875,1.2222098
287.70038,0.77930766,287.70016,0.90593725,287.70023,1.0426955,287.69974,1.1255835,287.70023,1.1890097
287.7995,0.79017448,287.79959,0.90762383,287.79996,1.0367703,287.80054,1.1127652,287.80014,1.1803122
287.8999,0.80685306,287.89957,0.91041046,287.89914,1.0312438,287.89963,1.1071531,287.90039,1.1717232
287.99335,0.8289178,288.00015,0.92865664,287.99951,1.048174,288.0011,1.1073494,287.99994,1.178856
288.09857,0.85596347,288.10074,0.95552212,288.09357,1.0734483,288.10046,1.1469795,288.10068,1.2004832
288.20004,0.8813079,288.19998,0.99203479,288.20071,1.1187692,288.20068,1.1981245,288.20053,1.2622523
288.29968,0.90400112,288.3002,1.0256801,288.30002,1.1701128,288.29953,1.2678647,288.30042,1.3408675
288.39902,0.92613816,288.39963,1.078508,288.39709,1.2472303,288.3999,1.3476065,288.39999,1.4482329
288.50058,0.95210296,288.5004,1.1433243,288.49966,1.3514369,288.49979,1.4935917,288.5004,1.5840673
288.59918,0.97915643,288.60077,1.2207403,288.59769,1.468249,288.59979,1.6490812,288.59949,1.77122
288.70029,1.0127379,288.69965,1.291473,288.69977,1.5840359,288.69971,1.7926029,288.69995,1.9346864
288.80112,1.029862,288.7995,1.3428929,288.80002,1.6552756,288.79944,1.8577958,288.80042,2.0230591
288.90076,1.0321667,288.89948,1.3505913,288.89896,1.6623981,288.89999,1.8695618,288.90027,2.0197043
289.00128,1.0212051,289.00046,1.3312474,289.00021,1.6251092,288.99969,1.8302811,288.99988,1.9781127
289.10034,1.0128313,289.10434,1.2983956,289.10013,1.5811797,289.09991,1.7667491,289.10016,1.910778
289.1991,1.0068225,289.19986,1.2784573,289.20016,1.5452795,289.20026,1.708451,289.19803,1.859411
289.30176,1.009554,289.29965,1.2652389,289.30035,1.5245379,289.29758,1.6855881,289.29666,1.8070495
289.40079,1.0152539,289.39941,1.2594587,289.3999,1.498536,289.39865,1.6585165,289.401,1.7880774
289.49954,1.0251799,289.49997,1.2519585,289.48969,1.4848231,289.49991,1.6329533,289.50201,1.7601364
289.5936,1.0343285,289.59982,1.2559128,289.59961,1.4801098,289.60037,1.6158087,289.60019,1.7332699
289.70041,1.0569279,289.70081,1.2672023,289.70395,1.4837248,289.70013,1.6218662,289.70068,1.7225996
289.79962,1.0682712,289.80096,1.2708712,289.79797,1.474035,289.80032,1.6075236,289.80136,1.7161278
289.90015,1.0942931,289.89993,1.2832645,289.89676,1.4875884,289.89929,1.6070517,289.90063,1.719229
290.00024,1.1230295,290.00061,1.3087002,290.00128,1.5074785,290.00034,1.622511,289.99234,1.7232151
290.09933,1.1549013,290.1001,1.3335205,290.10034,1.5283289,290.0997,1.6413991,290.10071,1.7366604
290.1994,1.1878397,290.1998,1.3588989,290.2009,1.5446268,290.19788,1.6582549,290.19617,1.7548516
290.2995,1.2388017,290.30066,1.3999426,290.29651,1.5881357,290.30014,1.6863686,290.30011,1.7889879
290.40091,1.2900763,290.4007,1.4493047,290.39996,1.6306261,290.40063,1.7322561,290.39932,1.8152044
290.50046,1.3490933,290.49966,1.499948,290.50018,1.6774217,290.49954,1.7726892,290.49994,1.8589294
290.60077,1.4087607,290.60031,1.5471756,290.59988,1.7193019,290.59958,1.8020582,290.60037,1.8963784
290.70013,1.486601,290.70016,1.611315,290.70035,1.7741349,290.70081,1.8482541,290.70062,1.9290347
290.80054,1.56718,290.79971,1.6765039,290.79971,1.8235884,290.80008,1.8872231,290.80032,1.9513475
290.89999,1.6660287,290.90005,1.7551281,290.90009,1.8874321,290.8996,1.9359984,290.89877,1.9988306
291.00235,1.7633666,291.00052,1.8328034,290.99991,1.9400942,290.99759,1.976243,291.0025,2.0428426
291.10242,1.8725319,291.09937,1.9226249,291.10083,2.0224972,291.09891,2.040777,291.09274,2.0857017
291.19971,1.9812431,291.19931,2.0076046,291.19998,2.092747,291.19952,2.0936975,291.19958,2.1214054
291.3002,2.0861678,291.30002,2.0973058,291.29306,2.1562171,291.29977,2.142313,291.29654,2.1752458
291.40002,2.1847141,291.40024,2.1714835,291.40036,2.2161577,291.40097,2.1833236,291.39957,2.2129681
291.50046,2.2731948,291.50031,2.2499838,291.49991,2.2824614,291.50049,2.2361622,291.5014,2.2462633
291.60095,2.3472042,291.60004,2.3121965,291.59998,2.3282764,291.60077,2.2714906,291.60013,2.272959
291.70013,2.409482,291.70288,2.3664086,291.70026,2.3706243,291.70023,2.3034794,291.69992,2.3058288
291.80026,2.4590273,291.79968,2.398566,291.80145,2.3959374,291.79971,2.3169875,291.80048,2.3260448
291.90045,2.5027218,291.90033,2.4411035,291.90134,2.428818,291.89941,2.3468382,291.9003,2.3358564
292.00006,2.5391665,291.99985,2.4715095,292.00003,2.4524164,292.00049,2.3651726,292.00171,2.3542352
292.10004,2.5681634,292.10004,2.4965427,292.10068,2.4715097,292.09937,2.3791833,292.10037,2.3683631
292.20038,2.5994804,292.20023,2.5137966,292.19971,2.4817352,292.20016,2.3829684,292.20032,2.3807056
292.2998,2.6280222,292.30038,2.5423236,292.29959,2.5059373,292.29984,2.4044874,292.29968,2.3825879
292.39737,2.6611218,292.39838,2.5689125,292.39896,2.5271871,292.40067,2.4178662,292.39801,2.4017127
292.50034,2.6906743,292.50052,2.5931916,292.49936,2.5426364,292.50021,2.4328902,292.50006,2.4122567
292.60062,2.7254181,292.60046,2.6135252,292.60074,2.560035,292.60025,2.437381,292.59982,2.422565
292.70013,2.7551749,292.70139,2.6423187,292.69983,2.5820644,292.70065,2.4566453,292.70016,2.41974
292.79965,2.7834527,292.80045,2.6650908,292.79993,2.5978048,292.80063,2.468082,292.80002,2.4386508
292.90036,2.8037679,292.90012,2.6808124,292.90036,2.6061676,292.89453,2.4742329,292.89984,2.4417801
292.99969,2.8187439,293.00021,2.6823976,292.99857,2.6083338,293.00073,2.4676211,292.99985,2.4415348
293.10001,2.8269143,293.09991,2.6955361,293.09991,2.6143603,293.10059,2.4753568,293.09988,2.4289176
293.19943,2.8291101,293.19928,2.6952169,293.20023,2.6109955,293.19955,2.4686275,293.19968,2.4313266
293.29971,2.8253555,293.30014,2.6881392,293.30054,2.6033804,293.29996,2.461226,293.29947,2.4242952
293.39993,2.8196981,293.39975,2.6810575,293.4003,2.5893161,293.39993,2.4421797,293.39993,2.4136777
293.50021,2.8137047,293.50082,2.675467,293.49954,2.5860665,293.50061,2.4417558,293.50034,2.3963349
293.59995,2.8072224,293.59964,2.6690674,293.60031,2.5788674,293.60004,2.4341087,293.59879,2.3960943
293.70007,2.8013089,293.7002,2.6581848,293.69998,2.5704017,293.7001,2.4275801,293.70065,2.3880689
293.80042,2.7988403,293.80042,2.656616,293.80029,2.5623181,293.79953,2.4142859,293.80017,2.3815703
293.89975,2.7983801,293.90106,2.6557364,293.90021,2.561579,293.89755,2.4165115,293.89993,2.3682563
293.99985,2.8012419,294.00009,2.6555202,293.99985,2.5597112,294.00073,2.4123659,293.99741,2.3718536
294.10028,2.8013852,294.10019,2.6506953,294.09976,2.5545371,294.09967,2.4076283,294.09946,2.3684332
294.20013,2.807575,294.19992,2.6566236,294.20047,2.5568104,294.20032,2.3992171,294.20013,2.3569727
294.30048,2.8121951,294.29993,2.6598458,294.29993,2.557188,294.29962,2.404494,294.30078,2.3606241
294.39993,2.8132296,294.40027,2.6585028,294.39981,2.5536606,294.40015,2.3988445,294.39984,2.3535352
294.49976,2.8126509,294.49475,2.6518207,294.49957,2.5450704,294.50159,2.3927052,294.50333,2.3480639
294.5997,2.8108492,294.59933,2.6524096,294.60034,2.542608,294.60056,2.3797395,294.60025,2.3310049
294.69986,2.8076653,294.70074,2.6469209,294.70007,2.5349548,294.70016,2.377147,294.68698,2.3295074
294.79984,2.8027587,294.80081,2.6416187,294.80008,2.5268538,294.80008,2.3684304,294.80099,2.319211
294.89969,2.7946312,294.90231,2.6285822,294.90015,2.5115449,294.90158,2.355886,294.9003,2.3038332
295.00009,2.788486,295.00055,2.6238623,295.00073,2.5080702,294.99939,2.3416767,295,2.2929978
295.10019,2.7806156,295.10059,2.6149971,295.1001,2.4981768,295.10049,2.3363156,295.09946,2.2851222
295.20001,2.7696199,295.20016,2.6032295,295.20032,2.4864187,295.20016,2.3240275,295.20038,2.2740631
295.30029,2.758913,295.3002,2.5870368,295.29996,2.4694755,295.29205,2.3114371,295.29974,2.2577705
295.40012,2.7437932,295.39996,2.5786214,295.39944,2.4596231,295.40076,2.2957814,295.40063,2.2456093
295.50082,2.7301655,295.49918,2.5642436,295.50116,2.4467149,295.50052,2.2855303,295.49933,2.2355719
295.59973,2.7098308,295.6004,2.5446537,295.59982,2.4269207,295.6008,2.2676167,295.60062,2.2193823
295.70047,2.6915228,295.69882,2.522866,295.70047,2.4054804,295.70117,2.2468629,295.70056,2.1971056
295.80038,2.672389,295.80017,2.5087504,295.80112,2.3919029,295.80087,2.2340896,295.80011,2.1876323
295.90036,2.6530137,295.90054,2.490665,295.90131,2.3749447,295.90063,2.2194629,295.8999,2.1717587
296.00003,2.6348078,296.00082,2.4737258,295.99945,2.3588006,296.00061,2.2050412,295.99963,2.1564975
296.10062,2.6158221,296.10013,2.4516888,296.09973,2.3362207,296.09979,2.1823332,296.09979,2.1336236
296.2001,2.600158,296.19983,2.4401131,296.2002,2.3273489,296.20062,2.174535,296.20007,2.127008
296.30011,2.5858142,296.30042,2.4271426,296.30066,2.3146772,296.30048,2.1635356,296.30099,2.1159873
296.40039,2.5719464,296.40375,2.412797,296.40039,2.3008313,296.39954,2.1521251,296.40027,2.1051085
296.5004,2.560827,296.5004,2.4004345,296.50037,2.2879343,296.5015,2.134161,296.50037,2.0871799
296.60098,2.5480032,296.5997,2.391422,296.60046,2.2796848,296.60013,2.1294472,296.6008,2.083745
296.70016,2.5400662,296.702,2.3839836,296.69998,2.2720835,296.70035,2.1226606,296.69974,2.0781713
296.79971,2.5284364,296.80035,2.3700023,296.79941,2.2597466,296.79959,2.1137154,296.8006,2.0683384
296.90042,2.522742,296.89938,2.3663201,296.90421,2.252593,296.90005,2.0994928,296.90048,2.0532851
296.99847,2.5172741,297.00024,2.3612213,296.99979,2.2488379,296.99957,2.1009603,297.00037,2.0554552
297.09918,2.5134068,297.10077,2.3566978,297.10007,2.2437327,297.0997,2.0955627,297.10059,2.0504384
297.20001,2.5099001,297.19824,2.3513637,297.1998,2.2375293,297.20087,2.0929792,297.19977,2.0475478
297.2999,2.5079501,297.29993,2.3495162,297.29929,2.2349141,297.30072,2.0800102,297.30029,2.0331943
297.3999,2.5083132,297.39963,2.3488834,297.39951,2.2346392,297.39996,2.0857027,297.39996,2.0390711
297.50034,2.5089314,297.50027,2.3498354,297.50052,2.2335994,297.50049,2.0842288,297.49591,2.0365081
297.60071,2.5105882,297.60043,2.3457022,297.60059,2.2288713,297.6001,2.0832603,297.59991,2.035809
297.69623,2.5126989,297.69989,2.3499553,297.69775,2.2330642,297.69525,2.0733752,297.69516,2.0259051
297.80008,2.5126958,297.80042,2.351192,297.80026,2.2314479,297.79959,2.0788603,297.79941,2.0308878
297.89944,2.5185337,297.89996,2.3544016,297.90015,2.231648,297.90082,2.0808053,297.89948,2.0302801
297.99936,2.5197489,297.99997,2.3490069,297.99991,2.229183,298.00055,2.078975,298.00009,2.0263877
298.10004,2.524627,298.09976,2.3572462,298.09949,2.2337155,298.10052,2.0699811,298.09949,2.018713
298.19833,2.5289814,298.20062,2.3603797,298.20047,2.2353015,298.19989,2.0798907,298.20102,2.0262232
298.30032,2.5334046,298.30374,2.3629091,298.30066,2.2336547,298.29965,2.0781324,298.3002,2.0244391
298.40012,2.5391872,298.40088,2.3633673,298.39972,2.2373011,298.392,2.0801067,298.39963,2.0212324
298.50043,2.5431263,298.49335,2.3694377,298.49985,2.237627,298.50018,2.0714021,298.49973,2.0230024
298.60089,2.5496616,298.59863,2.3727055,298.59915,2.2429981,298.6026,2.0808792,298.60052,2.02443
298.70123,2.5513842,298.6998,2.3761563,298.70129,2.2395396,298.70035,2.0808437,298.7005,2.0231988
298.80133,2.5563993,298.80048,2.3773787,298.79984,2.2429569,298.80054,2.0795443,298.80011,2.0158641
298.89905,2.5586581,298.90063,2.3797681,298.90082,2.2450817,298.89929,2.0730369,298.90063,2.0208423
298.99979,2.5632303,299.0036,2.3823273,298.99966,2.2455695,299.00012,2.0791271,299.0015,2.0214572
299.10022,2.563843,299.10037,2.3838105,299.09967,2.2440257,299.10022,2.0816281,299.10001,2.0216796
299.20068,2.5681992,299.19943,2.3870065,299.19928,2.2466922,299.20059,2.0786672,299.20062,2.0149562
299.30045,2.5694456,299.29999,2.3874385,299.29996,2.2474101,299.30045,2.0722387,299.30115,2.0194604
299.39975,2.569381,299.40115,2.3862174,299.40161,2.2461212,299.40009,2.0768917,299.40103,2.0167346
299.50031,2.5696957,299.50079,2.3822408,299.50024,2.240294,299.49927,2.0766027,299.49924,2.0127404
299.60004,2.5700881,299.60013,2.3848777,299.60004,2.2437191,299.60016,2.071883,299.60007,2.0077202
299.702,2.5676713,299.69928,2.3822231,299.69937,2.2396183,299.69986,2.0651817,299.70938,2.0109696
299.79922,2.5668986,299.7981,2.3828807,299.80072,2.239666,299.79541,2.0686009,299.79984,2.0081162
299.90167,2.5637212,299.8992,2.3749342,299.90021,2.2315588,299.89957,2.0655725,299.90042,2.0014846
300.00046,2.5608673,300.00107,2.3758845,300.00061,2.2318106,300.00058,2.0602806,300.00018,1.9983559
300.10086,2.5565975,300.09946,2.3708773,300.09995,2.2281635,300.10001,2.0532973,300.10016,1.9970603
300.20163,2.5529888,300.20099,2.3658946,300.20078,2.2248709,300.19995,2.0557985,300.20044,1.9939798
300.30023,2.5486703,300.30167,2.364774,300.30045,2.2163744,300.30054,2.0512531,300.29187,1.9828688
300.39304,2.5445685,300.39951,2.360661,300.40103,2.2168121,300.40012,2.0439813,300.40085,1.9857675
300.50119,2.5401182,300.49979,2.3571064,300.50055,2.2130466,300.50067,2.039623,300.50073,1.9819493
300.59973,2.5350816,300.5957,2.3470278,300.59952,2.2079349,300.60056,2.03986,300.60019,1.9785999
300.69931,2.5317433,300.6994,2.348382,300.69928,2.2005875,300.6972,2.0365853,300.70016,1.968784
300.80084,2.5259087,300.79892,2.342711,300.80014,2.198734,300.80014,2.0281177,300.80054,1.9707937
300.90042,2.5244515,300.90009,2.3406823,300.90137,2.1970022,300.90097,2.0272615,300.89999,1.9687394
300.99988,2.5192771,301.00085,2.3318896,301.00058,2.1940243,301.00027,2.0259829,301.00034,1.965937
301.10165,2.5156219,301.09995,2.3325181,301.09998,2.1867688,301.10065,2.0225403,301.09967,1.9565443
301.19989,2.5125027,301.19983,2.329721,301.20096,2.1873364,301.20007,2.0130465,301.20044,1.9608961
301.30029,2.5075126,301.30075,2.3244867,301.30109,2.1838355,301.29996,2.0170875,301.29846,1.9569048
301.39828,2.5040019,301.39642,2.3189988,301.39993,2.1802852,301.39899,2.015785,301.39981,1.9548866
301.49979,2.5008955,301.49985,2.3178854,301.50009,2.1747303,301.49231,2.0134532,301.49963,1.9470053
301.59937,2.4983852,301.60019,2.3171732,301.60025,2.1759918,301.60056,2.0048342,301.59985,1.9520088
301.6998,2.495378,301.70029,2.3158152,301.70053,2.1742401,301.7002,2.0102508,301.69751,1.9502505
301.80054,2.4934731,301.80087,2.3098352,301.79999,2.1719785,301.79953,2.008507,301.79941,1.9479146
301.89999,2.4929805,301.90051,2.3131173,301.90381,2.1690097,301.89993,2.0076606,301.90128,1.9443046
302.00009,2.4889712,301.99988,2.3080716,302.00015,2.1692314,302.00012,1.9995546,301.99982,1.9464393
302.09958,2.4886196,302.10101,2.3115153,302.10025,2.1694674,302.10406,2.0055659,302.10028,1.9474522
302.19623,2.4854441,302.20038,2.3029883,302.19855,2.1663477,302.2016,2.004266,302.20032,1.9439793
302.30026,2.4822061,302.30002,2.3058555,302.29141,2.1646743,302.29971,2.0028155,302.30255,1.9413747
302.40036,2.4818187,302.40002,2.304647,302.39987,2.1656582,302.40054,1.9977616,302.40067,1.9449586
302.50024,2.4810665,302.49997,2.3022976,302.49689,2.1643887,302.49997,2.0021439,302.49924,1.9441655
302.60004,2.4795508,302.60013,2.2994578,302.60022,2.1626434,302.6026,2.0024278,302.59976,1.9406751
302.70032,2.4745615,302.70074,2.2954967,302.70096,2.1588337,302.70126,1.9977828,302.71054,1.9373224
302.80005,2.4723711,302.79974,2.2973578,302.79922,2.158576,302.80051,1.9945204,302.79889,1.9415807
302.89972,2.4684143,302.9003,2.2924216,302.90024,2.1572568,302.90015,1.9977211,302.9007,1.9407414
302.99988,2.4654205,302.99985,2.2890618,303.00159,2.1528258,303.00052,1.9958163,302.99973,1.9341732
303.1011,2.4617958,303.09848,2.2880876,303.09949,2.1520436,303.09985,1.9929205,303.09409,1.9378732
303.20059,2.4564862,303.20084,2.2825558,303.20084,2.1486666,303.1994,1.987692,303.19925,1.935423
303.29617,2.4514694,303.30035,2.2776015,303.30029,2.1457846,303.30048,1.9894625,303.29901,1.9347048
303.40015,2.4463592,303.39975,2.273222,303.39999,2.1397705,303.39914,1.9881566,303.40015,1.9256105
303.49988,2.4374499,303.49985,2.2685502,303.49692,2.1370528,303.49966,1.9817933,303.50012,1.9284075
303.61163,2.4325073,303.59644,2.2651708,303.59998,2.1353979,303.60034,1.9776888,303.60004,1.9279231
303.69962,2.424545,303.70056,2.2531991,303.70029,2.1279624,303.69983,1.9760317,303.70029,1.9228168
303.80023,2.4169552,303.80115,2.2502644,303.80066,2.1188607,303.7998,1.9713522,303.80066,1.9134874
303.89999,2.4083955,303.90063,2.2425129,303.89957,2.1168699,303.89999,1.9633327,303.89944,1.9152738
303.99875,2.3985634,304.00034,2.2356989,303.99673,2.1105249,303.99921,1.9611059,303.99915,1.909206
304.10046,2.3893538,304.09909,2.2249959,304.09967,2.1050375,304.09827,1.9585371,304.10083,1.9066051
304.20187,2.3759913,304.19925,2.2160313,304.20081,2.0908422,304.19995,1.9501952,304.20016,1.8952128
304.29999,2.3632402,304.29858,2.2060916,304.30048,2.0857196,304.30032,1.9386638,304.30014,1.894278
304.39954,2.3522058,304.39932,2.1954596,304.40018,2.0783741,304.39688,1.9359728,304.39944,1.8886944
304.50003,2.3377767,304.50009,2.1809762,304.49945,2.0693562,304.49988,1.9302474,304.50018,1.880151
304.60126,2.3267725,304.60062,2.174088,304.60019,2.0566111,304.60059,1.9230483,304.60074,1.8720012
304.70065,2.3097334,304.69916,2.1606474,304.70349,2.0475013,304.69995,1.9086616,304.69962,1.8679287
304.80057,2.2988174,304.79977,2.1512284,304.80011,2.0401103,304.80032,1.9060498,304.79993,1.8635646
304.89996,2.2812097,304.89966,2.1334109,304.89948,2.0289924,304.90045,1.8981225,304.89944,1.8525059
305.00049,2.2675898,305.00015,2.1248882,305.00037,2.0163102,304.99744,1.8896115,304.99994,1.8471026
305.09946,2.251601,305.10016,2.1108024,305.10059,2.0074129,305.09995,1.8751212,305.10016,1.8398619
305.2009,2.2359481,305.20096,2.098742,305.19983,1.9963655,305.19971,1.8704385,305.20007,1.8311384
305.30148,2.2200837,305.30066,2.0820589,305.3009,1.9840268,305.3002,1.8632226,305.30023,1.8195431
305.40021,2.2000029,305.40146,2.068614,305.401,1.9685646,305.39587,1.8517202,305.40048,1.8123823
305.49976,2.183466,305.50034,2.054225,305.49707,1.9587048,305.49991,1.8361282,305.49985,1.8041508
305.60031,2.1667831,305.60037,2.0412354,305.60019,1.9469167,305.60172,1.832382,305.59955,1.7964407
305.70032,2.1481922,305.69968,2.021349,305.69662,1.9299679,305.69965,1.8215547,305.7001,1.7812134
305.80048,2.1317592,305.79984,2.0093913,305.80008,1.9213809,305.80078,1.8118999,305.80145,1.7777796
305.89221,2.1136158,305.90067,1.992689,305.90817,1.9061607,305.90039,1.7940532,305.90033,1.7673916
306.00064,2.0950468,306.00079,1.9788833,306.00043,1.8945615,305.99997,1.790226,306.00055,1.7588151
306.09961,2.0772715,306.10071,1.9598954,306.0994,1.877766,306.10068,1.7797298,306.09976,1.7440552
306.2002,2.0604446,306.20081,1.9492425,306.20096,1.8693016,306.19992,1.7695756,306.20004,1.7399772
306.30011,2.0422409,306.29767,1.9334209,306.2998,1.8550116,306.29996,1.7517571,306.2988,1.7294879
306.39987,2.0238483,306.39981,1.916751,306.40073,1.8401178,306.40051,1.7472856,306.39951,1.7190845
306.50037,2.0069785,306.50275,1.8999391,306.50018,1.8255225,306.4982,1.7371346,306.49991,1.7044914
306.60092,1.9888808,306.59415,1.8877255,306.59991,1.8152452,306.60001,1.7261126,306.60046,1.7008301
306.70078,1.9692574,306.70062,1.8717303,306.6998,1.8029699,306.6998,1.7079076,306.69998,1.6900104
306.80054,1.9530743,306.80057,1.8535323,306.79413,1.7912997,306.80026,1.7052388,306.79913,1.6819901
306.8996,1.9341761,306.89951,1.8409567,306.90009,1.7745115,306.90405,1.6923838,306.901,1.6650078
307.00009,1.9171375,307.0011,1.8266746,307.00034,1.7638141,307.00018,1.6819931,307.00027,1.6611255
307.09909,1.9007008,307.10092,1.8122807,307.09979,1.7515266,307.09802,1.666782,307.10001,1.6518432
307.19952,1.8838481,307.20023,1.7936431,307.20126,1.7384217,307.20044,1.6623938,307.20026,1.6435013
307.30051,1.868391,307.29993,1.7842411,307.30026,1.7260292,307.29993,1.653015,307.30042,1.6285989
307.40158,1.8519131,307.40109,1.7706155,307.40002,1.7160941,307.40079,1.6423492,307.39948,1.6250501
307.5004,1.8367314,307.49335,1.7575746,307.49585,1.7040367,307.50284,1.6272193,307.5004,1.6162847
307.59689,1.8195276,307.60028,1.7394357,307.59998,1.6880509,307.60037,1.6225209,307.60043,1.6067671
307.70047,1.8048123,307.70132,1.728673,307.69812,1.6807886,307.70065,1.6123122,307.70074,1.5931004
307.80304,1.7876384,307.80045,1.7152092,307.80344,1.6679976,307.80017,1.6018014,307.80045,1.589275
307.90039,1.7725956,307.89951,1.7017612,307.90005,1.6573883,307.90048,1.5878828,307.90039,1.5800259
308.0004,1.7577326,307.99924,1.6868896,308.00003,1.6422079,307.99991,1.5843487,308.00098,1.5719453
308.09796,1.743163,308.0993,1.6767925,308.10004,1.6347016,308.10037,1.5745664,308.10077,1.5567724
308.2002,1.7292216,308.20032,1.6644369,308.19998,1.6253568,308.2002,1.5651823,308.19907,1.555512
308.29919,1.7144024,308.29996,1.6501896,308.3006,1.6127443,308.30078,1.5514505,308.29614,1.5455863
308.39978,1.6981254,308.4007,1.6358111,308.40042,1.5983541,308.40039,1.546862,308.40005,1.5372994
308.50018,1.6861827,308.50046,1.6270144,308.49887,1.5931919,308.50006,1.5392772,308.50031,1.5253031
308.60037,1.6710109,308.60025,1.6151389,308.60071,1.5814898,308.60028,1.5263307,308.60004,1.5218892
308.70047,1.6592135,308.69977,1.6042308,308.70038,1.5691525,308.70004,1.5198022,308.70023,1.5143149
308.80063,1.6436642,308.80066,1.5902008,308.80106,1.5618104,308.80023,1.5125391,308.79993,1.5022362
308.90237,1.629685,308.8996,1.5807157,308.90033,1.5512733,308.89969,1.5035206,308.90045,1.4952948
309.00034,1.6174012,309.00027,1.5689355,309.00049,1.5406026,309.00034,1.4913619,309.00012,1.4890835
309.10046,1.6064712,309.09982,1.5579021,309.10043,1.5276841,309.10077,1.4860601,309.09625,1.4835093
309.20032,1.5926377,309.19989,1.5457473,309.20001,1.5219564,309.19986,1.4793148,309.20456,1.4716644
309.29953,1.5795867,309.2995,1.5357883,309.30054,1.5118607,309.30023,1.4692501,309.29993,1.4655681
309.40137,1.5672964,309.40063,1.5244597,309.3999,1.5019684,309.40002,1.4572279,309.39999,1.4601145
309.49994,1.5551687,309.50034,1.5125582,309.49994,1.4888381,309.496,1.4540318,309.49927,1.4521915
309.6004,1.5424775,309.60175,1.5020777,309.60004,1.4841924,309.59979,1.4469759,309.5997,1.4405198
309.69986,1.532208,309.70078,1.4937809,309.70032,1.475616,309.70023,1.4390031,309.7002,1.4372646
309.80081,1.5195118,309.80045,1.4828737,309.80093,1.4657764,309.7998,1.4246634,309.79971,1.4298058
309.8999,1.5098878,309.90039,1.4732311,309.90073,1.4550785,309.89984,1.4244586,309.90054,1.4239204
309.99973,1.498377,310.00098,1.4651959,310.00006,1.4499242,310.00012,1.4168228,310.00061,1.4119332
310.09982,1.4883163,310.10013,1.4571199,310.0993,1.4425675,310.09979,1.4098496,310.10086,1.4109863
310.2012,1.4774656,310.20023,1.4463809,310.20227,1.4335368,310.1998,1.3965185,310.20035,1.4039944
310.29919,1.4669251,310.30252,1.4340042,310.30011,1.4211261,310.29922,1.3950239,310.2998,1.3977916
310.40222,1.4566334,310.39972,1.4292288,310.40027,1.4180315,310.39996,1.3890617,310.40021,1.3857436
310.49918,1.4472944,310.50009,1.4204159,310.50064,1.410289,310.5004,1.381461,310.5011,1.3843474
310.6004,1.4369017,310.60052,1.4119366,310.59778,1.4029226,310.60001,1.3709158,310.60001,1.3776195
310.69925,1.4294461,310.7005,1.4012978,310.70035,1.3919665,310.69949,1.369907,310.70142,1.3735286
310.80005,1.4187218,310.80057,1.3965333,310.80035,1.3874444,310.79834,1.3634952,310.80057,1.3620088
310.89984,1.4106023,310.89999,1.388523,310.89951,1.3813187,310.89777,1.3561583,310.89987,1.3604932
310.99786,1.4023112,311.00064,1.3811661,311.00034,1.373989,311.00055,1.3479028,310.99939,1.3551884
311.10034,1.3945212,311.10062,1.371044,311.10016,1.3645928,311.10239,1.3474001,311.10031,1.3488735
311.20251,1.3854917,311.18823,1.367595,311.2002,1.3619796,311.19989,1.3412727,311.20029,1.3446335
311.29977,1.3779206,311.30002,1.3598298,311.30197,1.3547931,311.3002,1.3313603,311.30112,1.3389398
311.40054,1.3720845,311.39954,1.3536004,311.3989,1.349138,311.39984,1.3305737,311.39911,1.3361716
311.49945,1.3641136,311.50024,1.3453425,311.4996,1.3414788,311.49936,1.3259981,311.50031,1.3265004
311.60056,1.3570582,311.60059,1.34102,311.60031,1.3382827,311.60028,1.320388,311.59949,1.3258945
311.70084,1.3499871,311.70062,1.3344489,311.70032,1.3321934,311.70071,1.3111639,311.70193,1.3206984
311.79996,1.3442035,311.79904,1.329042,311.80096,1.326968,311.80029,1.3110172,311.8006,1.3169205
311.90039,1.3373326,311.90009,1.3215655,311.90021,1.3200287,311.90036,1.3060274,311.89966,1.3077821
312.00027,1.3319745,312,1.319109,311.99997,1.3186744,312.00027,1.3041025,311.99954,1.3086597
312.10089,1.3264986,312.10025,1.3134968,312.09677,1.3132895,312.09637,1.2939553,312.10037,1.3041848
312.19925,1.3210291,312.20078,1.3082671,312.20016,1.3058901,312.20255,1.2952445,312.20099,1.3023466
312.29636,1.3155801,312.29486,1.3039649,312.29514,1.3058552,312.30045,1.2909492,312.30319,1.2932793
312.40079,1.310719,312.4003,1.2992678,312.40076,1.3005344,312.39996,1.2837774,312.40048,1.2942257
312.49899,1.3043058,312.50037,1.294607,312.49918,1.2956229,312.49704,1.2810806,312.50064,1.2892814
312.59998,1.2998642,312.6008,1.2873507,312.60266,1.2876954,312.59988,1.279536,312.59637,1.2862808
312.70184,1.2940145,312.69992,1.286094,312.70081,1.2885628,312.70035,1.2765052,312.70007,1.2797779
312.80008,1.2908838,312.79941,1.2821205,312.79984,1.285176,312.80127,1.268605,312.80063,1.2806858
312.89999,1.286194,312.90036,1.2776954,312.90002,1.2805635,312.89987,1.2681751,312.8989,1.2767305
313.00015,1.2833346,313.00287,1.2711613,312.99973,1.2738894,312.99313,1.2669086,313.00015,1.2724504
313.09875,1.278949,313.10022,1.2717034,313.10181,1.2742519,313.10162,1.2631636,313.10199,1.2672737
313.20013,1.2750922,313.20013,1.2673236,313.19778,1.2698855,313.19986,1.2551999,313.20081,1.2669803
313.29984,1.2718997,313.30075,1.2649857,313.30063,1.2680789,313.29993,1.2573307,313.3017,1.2651362
313.40024,1.2679722,313.40067,1.2577591,313.40076,1.2605577,313.39954,1.2550156,313.40002,1.2569032
313.49423,1.2645719,313.50095,1.2588822,313.49371,1.262296,313.50009,1.25307,313.50064,1.2610555
313.59995,1.2615703,313.59985,1.2548546,313.59964,1.2587298,313.60004,1.2428751,313.60037,1.2569597
313.70078,1.2584785,313.69824,1.2523422,313.70038,1.2558453,313.69925,1.2470949,313.69983,1.2550864
313.79709,1.2557179,313.79874,1.2461129,313.80182,1.250793,313.80057,1.2454726,313.7998,1.2471352
313.90048,1.2511938,313.90295,1.2461175,313.90125,1.2505838,313.89319,1.2422596,313.89981,1.2479045
314.00021,1.2487423,314.00043,1.2434973,313.99957,1.248162,314.00089,1.2339083,314.00031,1.2458394
314.10019,1.2458012,314.10052,1.2404503,314.10016,1.2442653,314.10025,1.2374086,314.10059,1.2437227
314.20059,1.2423379,314.20142,1.2344023,314.19943,1.2393264,314.198,1.2345303,314.20026,1.2358224
314.30002,1.2390935,314.29996,1.2359102,314.30142,1.239815,314.30103,1.2309858,314.29663,1.2390978
314.40009,1.2356993,314.3999,1.2320874,314.39868,1.2366171,314.40088,1.2259666,314.40067,1.235513
314.50085,1.2328011,314.49973,1.229292,314.50067,1.2335941,314.50034,1.2264374,314.49994,1.2332178
314.60147,1.2293705,314.59439,1.2233157,314.60046,1.2282541,314.59949,1.2230344,314.59988,1.226699
314.69949,1.2260098,314.70068,1.2232226,314.70007,1.2287835,314.69962,1.2179576,314.69986,1.2284783
314.79922,1.2232813,314.80072,1.2202132,314.80054,1.2247732,314.80066,1.2158549,314.80011,1.2258227
314.90057,1.2202967,314.8989,1.2167327,314.90073,1.2221797,314.90002,1.2161577,314.90027,1.2221831
315.00037,1.2171742,314.99976,1.2124027,314.99957,1.2181928,314.99738,1.2139112,315.00015,1.2164562
315.10046,1.2132583,315.1004,1.2113904,315.10019,1.2163264,315.09659,1.2043929,315.09943,1.2172874
315.20029,1.2095331,315.20013,1.2077461,315.20013,1.2129593,315.20044,1.2071483,315.20032,1.2137682
315.30045,1.2075363,315.29941,1.204638,315.30127,1.2090101,315.30008,1.2047118,315.30032,1.2088273
315.40051,1.2034321,315.40109,1.19958,315.40073,1.2062328,315.40009,1.2020066,315.39957,1.2072388
315.50018,1.2008336,315.50085,1.1990327,315.49939,1.2048017,315.49841,1.1935536,315.49976,1.2059261
315.59976,1.1964055,315.60025,1.195013,315.60056,1.2008624,315.60089,1.1948858,315.60162,1.2026244
315.70071,1.1936713,315.7009,1.1916267,315.69952,1.1964376,315.70309,1.192507,315.69992,1.197404
315.79974,1.1886622,315.79898,1.1862659,315.80014,1.193329,315.79764,1.1900011,315.79984,1.1966063
315.90005,1.186198,315.90054,1.1853647,315.90067,1.191354,315.90042,1.1811819,315.89984,1.1948968
316.00015,1.1817261,315.99976,1.1806749,316.00015,1.186893,316.00095,1.1823852,315.99976,1.1909961
316.09613,1.1786537,316.09909,1.1770995,316.09982,1.1815553,316.09866,1.1804447,316.10046,1.1829946
316.19501,1.1746665,316.20059,1.1733148,316.19736,1.1803344,316.19977,1.1773632,316.19937,1.1844097
316.30109,1.1709381,316.3002,1.1707863,316.30045,1.1772923,316.29987,1.1695441,316.30069,1.1808875
316.39975,1.1671896,316.40039,1.1666996,316.39999,1.1739413,316.40021,1.1698809,316.39975,1.1769934
316.50104,1.1631714,316.50037,1.1608979,316.5011,1.167672,316.49982,1.1672788,316.50064,1.1701008
316.60028,1.1599212,316.60019,1.1601276,316.60083,1.1675992,316.60092,1.1626744,316.60016,1.1723523
316.69943,1.1558113,316.69989,1.1562696,316.69571,1.163264,316.69943,1.1564342,316.70016,1.1679931
316.7998,1.1519952,316.79971,1.1525254,316.80032,1.15978,316.7998,1.1567438,316.80096,1.1640695
316.90033,1.1481019,316.90063,1.1461532,316.89969,1.1527791,316.90036,1.1545414,316.90015,1.1572927
317.00024,1.1442732,316.99591,1.1454067,317.00012,1.1527805,316.99744,1.1495318,317.00098,1.1572344
317.09995,1.1402719,317.10034,1.142045,317.09912,1.1489629,317.10034,1.1459377,317.09998,1.1545948
317.19995,1.1365227,317.20044,1.1382015,317.19992,1.1448553,317.20062,1.1435742,317.20056,1.149799
317.29993,1.1327007,317.29993,1.1323608,317.2998,1.1387298,317.30087,1.1413578,317.29987,1.1443169
317.40057,1.1294452,317.4006,1.1311052,317.39606,1.13922,317.40137,1.1342816,317.40021,1.1458338
317.5007,1.1261934,317.49854,1.1280916,317.50079,1.1357642,317.49982,1.1338397,317.50244,1.1415497
317.60013,1.1229782,317.59656,1.1251503,317.60181,1.1326022,317.59891,1.1315161,317.60095,1.1367066
317.70053,1.1186011,317.6973,1.1185706,317.70059,1.1249683,317.70081,1.1285032,317.69769,1.1330477
317.79974,1.1163602,317.80017,1.1188345,317.80011,1.1270713,317.80023,1.1206936,317.80048,1.1338595
317.90009,1.1125734,317.90082,1.1155522,317.90359,1.1225277,317.90054,1.1225189,317.89954,1.1294942
318.00037,1.1102111,317.9982,1.1132556,317.99652,1.120175,317.99658,1.1198599,318.00058,1.1236895
318.10452,1.1054757,318.09723,1.1067221,318.07037,1.1141887,318.10037,1.1171064,318.10056,1.1236392
318.2001,1.103358,318.19989,1.1073705,318.19998,1.1141177,318.20062,1.1088623,318.1991,1.1215373
318.29996,1.0997529,318.30389,1.1037714,318.3009,1.1107062,318.29813,1.1107788,318.29703,1.1182605
318.3999,1.0972058,318.39896,1.100834,318.39996,1.1064966,318.40009,1.1077195,318.40005,1.1111513
318.49985,1.0935374,318.50003,1.0947759,318.49997,1.1039594,318.49976,1.105047,318.49973,1.1125299
318.59933,1.0909004,318.59995,1.0946615,318.59991,1.1020737,318.60083,1.0977862,318.59766,1.1093757
318.69934,1.0877213,318.70004,1.090966,318.6998,1.0990461,318.69992,1.0989881,318.70016,1.1061531
318.80072,1.0848901,318.79959,1.0884223,318.7977,1.0945973,318.80002,1.0965379,318.8017,1.0997319
318.8978,1.0815551,318.90051,1.0831263,318.90033,1.0926322,318.89981,1.0939423,318.89581,1.101474
318.99911,1.0798804,319.00183,1.0835308,319.00003,1.0912933,319.00134,1.0875716,319.00098,1.0996988
319.10052,1.0759124,319.09973,1.0800325,319.10165,1.0873448,319.09985,1.0887442,319.09973,1.0958153
319.19977,1.0737211,319.20068,1.0775855,319.20142,1.083854,319.19308,1.087069,319.20026,1.0894719
319.30035,1.0710343,319.30042,1.0734639,319.30026,1.0831492,319.30023,1.0817795,319.30014,1.0911156
319.40057,1.0691839,319.39975,1.0727884,319.40039,1.0809917,319.40421,1.0789735,319.40308,1.0887936
319.4996,1.0671744,319.50046,1.0708885,319.5004,1.0787182,319.49875,1.0791891,319.49963,1.086743
319.60077,1.0646653,319.59311,1.0680577,319.60089,1.0732142,319.60059,1.0780485,319.60315,1.0803283
319.6998,1.0628396,319.70074,1.0655904,319.69791,1.0747763,319.70059,1.0733707,319.70016,1.0834414
319.79984,1.060395,319.79944,1.0649232,319.79999,1.0716619,319.80066,1.0715537,319.79932,1.0807256
319.89819,1.0579108,319.9003,1.0630642,319.90082,1.0703548,319.90195,1.0721855,319.89954,1.0782684
319.99966,1.0556054,320.00046,1.059428,319.99988,1.0651814,320.00049,1.0703547,319.99988,1.0715506
320.10043,1.0537748,320.10037,1.0571851,320.09995,1.0652674,320.10025,1.0640399,320.10095,1.0748127
320.20035,1.0518494,320.20068,1.0562109,320.20007,1.0638045,320.19955,1.0646964,320.19983,1.072286
320.3009,1.0496455,320.30029,1.0542667,320.30002,1.0616523,320.30038,1.0636213,320.30051,1.0693109
320.39981,1.0472672,320.40585,1.0504612,320.40033,1.0561327,320.39951,1.0617939,320.39972,1.0633405
320.49988,1.046501,320.5007,1.0505937,320.50027,1.0588155,320.49872,1.0556735,320.49738,1.0663344
320.60043,1.044152,320.59979,1.0495036,320.60077,1.0562122,320.59943,1.0580835,320.5994,1.0638881
320.69254,1.0434985,320.69958,1.0483948,320.70087,1.0551119,320.69928,1.0566438,320.70041,1.0624518
320.80017,1.0410378,320.80011,1.043841,320.80121,1.0497981,320.80087,1.0555123,320.8035,1.0577015
320.90125,1.0400156,320.90024,1.0445349,320.90057,1.051222,320.89996,1.0488557,320.90009,1.0592797
320.99997,1.0383412,320.99988,1.0431349,320.99872,1.0496472,321.00031,1.0515999,320.99994,1.0572053
321.09998,1.036409,321.1001,1.0416183,321.09988,1.0477351,321.10086,1.0496932,321.10095,1.0544949
321.19974,1.0347433,321.20105,1.0372338,321.19989,1.0429869,321.20056,1.0483274,321.20053,1.0495104
321.29947,1.0344456,321.29987,1.0389838,321.3002,1.0450975,321.29984,1.0408258,321.30093,1.0520322
321.40012,1.0330786,321.40036,1.0372927,321.40005,1.043452,321.39981,1.0450816,321.4007,1.0506539
321.49963,1.0320193,321.50269,1.0365866,321.50052,1.0422887,321.50009,1.0437669,321.50064,1.0483612
321.59949,1.0302037,321.6015,1.0314463,321.60278,1.0376885,321.60013,1.0410151,321.60144,1.0442004
321.69989,1.0302619,321.70346,1.0337301,321.69241,1.039819,321.69928,1.0370549,321.7005,1.0465565
321.8002,1.0280145,321.80148,1.0315913,321.80005,1.0373981,321.80038,1.0383461,321.7998,1.0438056
321.89963,1.0280719,321.89923,1.0322561,321.89938,1.0364089,321.90067,1.0385051,321.90201,1.0389082
322.004,1.0260416,322.00021,1.0270337,322.00064,1.0325409,321.99991,1.0370754,321.99945,1.0419855
322.10028,1.0264024,322.09982,1.0301006,322.09976,1.0353144,322.09686,1.0334349,322.10062,1.0407071
322.20071,1.0249493,322.20181,1.0286018,322.20071,1.0337328,322.2005,1.0355297,322.19992,1.0399188
322.33289,1.0244858,322.29834,1.0282216,322.29984,1.0327631,322.30096,1.034768,322.29956,1.0342594
322.39984,1.0231003,322.40009,1.0245403,322.39929,1.0302083,322.40018,1.032106,322.39975,1.038204
322.50134,1.0225261,322.5004,1.0263832,322.50095,1.0305923,322.50076,1.030233,322.49945,1.0359387
322.60004,1.0223345,322.60031,1.02598,322.60092,1.0302867,322.60034,1.032318,322.59283,1.0352473
322.69989,1.0218183,322.69977,1.0252453,322.70035,1.0282828,322.70056,1.0313175,322.69989,1.0299911
322.80115,1.0202724,322.79993,1.0214683,322.80072,1.0261428,322.80026,1.0273731,322.80121,1.0335141
322.8992,1.0204239,322.90051,1.0238985,322.89969,1.0275589,322.89975,1.0283589,322.89987,1.0330135
323.00058,1.0200609,323.00259,1.0231066,322.99942,1.0270414,322.99991,1.0283104,322.99954,1.0320523
323.10034,1.0195405,323.10031,1.0201687,323.10037,1.0250862,323.10046,1.0280664,323.10019,1.0257304
323.20236,1.0181637,323.20078,1.0213295,323.20111,1.0252125,323.20096,1.0223345,323.1998,1.0296144
323.30093,1.0183618,323.30023,1.0210907,323.30072,1.0241179,323.30051,1.0255628,323.30106,1.0286928
323.40265,1.0184983,323.39969,1.0216347,323.40039,1.0242368,323.40021,1.0246177,323.40033,1.0280317
323.50064,1.0176475,323.49951,1.017766,323.49948,1.0200002,323.49997,1.0247194,323.49997,1.0221096
323.59955,1.0171491,323.60049,1.0193783,323.59915,1.02249,323.60037,1.0190568,323.60001,1.0262557
323.69989,1.0161831,323.70126,1.0179836,323.69284,1.0211915,323.69992,1.0225813,323.70026,1.0245085
323.79993,1.0166961,323.80096,1.0186143,323.7998,1.0213298,323.79941,1.0225857,323.80142,1.0242583
323.89999,1.0146164,323.89972,1.0144947,323.89941,1.0165848,323.89996,1.0216801,323.90012,1.0178728
323.99899,1.0145053,324.00043,1.0169894,324.00061,1.0191729,324.00031,1.0150639,324.00027,1.0220289
324.09427,1.0143354,324.10046,1.0165414,324.10095,1.0188606,324.10028,1.0199703,324.09763,1.0216231
324.20041,1.0143315,324.19983,1.0160707,324.19949,1.0185122,324.19974,1.0190442,324.2009,1.021189
324.30295,1.013422,324.30032,1.0124241,324.30072,1.0143082,324.30048,1.018441,324.29996,1.0150162
324.40137,1.0128709,324.39999,1.0149012,324.40036,1.0165935,324.39832,1.0115697,324.40079,1.0187994
324.5007,1.012428,324.50046,1.0142562,324.49478,1.0160062,324.50244,1.0160868,324.49509,1.0178583
324.60141,1.0123713,324.59991,1.0135504,324.60001,1.0158237,324.60052,1.0160351,324.59875,1.0168858
324.7012,1.0119178,324.70071,1.0112563,324.69958,1.0119476,324.70142,1.0160379,324.70004,1.0139753
324.80023,1.0115798,324.8009,1.0131493,324.80002,1.0146308,324.8009,1.0090556,324.80045,1.0160573
324.89801,1.0111701,324.8963,1.0121268,324.90045,1.0139976,324.90012,1.0134262,324.89984,1.0145977
324.99844,1.0110843,324.99973,1.0114982,325.00064,1.0134424,324.99551,1.0130545,324.99973,1.0137209
325.09348,1.0101383,325.09784,1.0089388,325.10013,1.0094661,325.10043,1.013108,325.09747,1.0100446
325.19989,1.0102024,325.20197,1.0112654,325.19513,1.0115544,325.2001,1.0071261,325.1998,1.0128682
325.30002,1.0094817,325.29971,1.0097133,325.30014,1.0103635,325.30005,1.0107771,325.30017,1.0107288
325.40005,1.0097508,325.39969,1.0096315,325.39999,1.009867,325.40048,1.0107685,325.39734,1.0094504
325.50049,1.0078422,325.49948,1.0072469,325.50314,1.006689,325.50021,1.0091559,325.50052,1.0053518
325.59964,1.0077734,325.59692,1.008698,325.60104,1.0087295,325.59451,1.0050583,325.60104,1.0087376
325.69907,1.007858,325.7005,1.0083607,325.70007,1.0088904,325.69916,1.0086843,325.7005,1.0083127
325.80026,1.007573,325.80026,1.007048,325.80045,1.0067385,325.8006,1.007602,325.7998,1.0059581
325.8963,1.0067512,325.8938,1.0065447,325.90109,1.0056255,325.89999,1.0029725,325.89999,1.0047309
326.0007,1.0059412,325.99915,1.0066274,326.00064,1.0057393,326.0004,1.0057403,326.00061,1.0056975
326.09973,1.0065014,326.10086,1.0063121,326.09909,1.005849,326.09988,1.0066829,326.09973,1.0063291
326.19797,1.0048749,326.20065,1.0034819,326.19934,1.0027968,326.20013,1.0038793,326.2001,1.0030329
326.29968,1.0038007,326.30017,1.0035754,326.30029,1.0022055,326.29993,1.0010076,326.30191,1.0019091
326.3996,1.0024546,326.40027,1.0028815,326.39954,1.0022982,326.40018,1.0021733,326.40005,1.002142
326.50085,1.0021273,326.50073,1.0024184,326.50388,1.0016571,326.50049,1.0021305,326.50073,1.0017843
326.60025,1.0012379,326.60062,0.99927598,326.60141,0.99912447,326.60071,0.99761862,326.60071,0.99910229
326.69617,1.000016,326.70068,1.0003594,326.69934,0.99922758,326.70026,0.99959332,326.69962,0.99770516
326.80087,0.99886382,326.79968,0.99875939,326.79883,0.99893248,326.79666,0.99874496,326.79926,0.99761266
326.8992,0.99815834,326.90018,0.99821538,326.9003,0.99785554,326.90356,0.99812007,326.90012,0.99737269
326.99985,0.99691075,326.9996,0.99462783,326.99847,0.99452972,326.99991,0.99200463,326.99924,0.99337423
327.10028,0.9964751,327.10101,0.99685442,327.10022,0.99557573,327.10123,0.99580222,327.09979,0.99382985
327.20071,0.99527556,327.2001,0.99497628,327.20029,0.99414557,327.19955,0.99497932,327.20261,0.99373019
327.30038,0.99508905,327.30075,0.9947589,327.30051,0.99443138,327.30084,0.99516833,327.30084,0.99386263
327.40042,0.9933148,327.40005,0.9903844,327.40009,0.98965633,327.40131,0.98829907,327.40131,0.98926365
327.49802,0.9923082,327.5025,0.9919818,327.49854,0.99112678,327.4957,0.99279457,327.50018,0.99081117
327.60031,0.99066895,327.59979,0.99114311,327.60007,0.99053484,327.60059,0.99109656,327.6033,0.99005777
327.69925,0.99042839,327.7002,0.99000311,327.69958,0.98971522,327.70084,0.99079508,327.70056,0.98937494
327.80051,0.9887203,327.8002,0.98663247,327.7966,0.98614603,327.80106,0.98486251,327.79944,0.98526329
327.90103,0.98829192,327.89972,0.98811841,327.89981,0.98718411,327.89938,0.98791051,327.89975,0.98621368
327.99905,0.98736966,327.99683,0.98679245,327.99982,0.98709905,328.00006,0.98694849,328.00012,0.98615032
328.09955,0.98610663,328.10074,0.98527521,328.10031,0.98536122,328.09979,0.98537266,328.09714,0.98552871
328.19916,0.98374516,328.20264,0.98115993,328.19974,0.98082483,328.20007,0.97947937,328.19919,0.97986132
328.2999,0.98304236,328.30121,0.98297018,328.29974,0.98224914,328.29987,0.98305541,328.29965,0.9813236
328.40024,0.98095059,328.40143,0.98108447,328.40012,0.9805795,328.40082,0.98117918,328.4006,0.98048538
328.50027,0.97997403,328.4996,0.98015636,328.49939,0.97966039,328.50003,0.9810937,328.49078,0.9798848
328.58716,0.97781628,328.6001,0.97833663,328.60086,0.97485667,328.59924,0.97518981,328.60092,0.97375911
328.69608,0.97639918,328.69998,0.97755575,328.69815,0.97647732,328.69977,0.97861451,328.70053,0.97647381
328.80219,0.97541058,328.80002,0.97658986,328.79877,0.97554159,328.79987,0.9767338,328.80188,0.97502649
328.89813,0.97397,328.90024,0.97384846,328.90033,0.97442991,328.89999,0.97605973,328.90063,0.97426343
328.99966,0.9722271,329.00021,0.97318459,329.0004,0.97069198,329.00067,0.96972978,329.00067,0.96880704
329.09988,0.97063828,329.10156,0.97185445,329.10028,0.97144812,329.10095,0.97258329,329.10162,0.97177923
329.20038,0.96984965,329.20007,0.97082204,329.20026,0.97012377,329.19977,0.9718073,329.20096,0.97113079
329.30087,0.9678154,329.29861,0.96683329,329.30069,0.96648186,329.30075,0.97010767,329.30002,0.96951562
329.40012,0.96571541,329.40009,0.96601045,329.39865,0.96475589,329.39963,0.96503806,329.39709,0.96415448
329.5004,0.96410483,329.50046,0.96503055,329.49991,0.96381193,329.50006,0.96667427,329.50006,0.9657554
329.60049,0.96285307,329.60074,0.96347302,329.59964,0.96327358,329.60013,0.96557808,329.6001,0.96441907
329.70074,0.96067148,329.69937,0.95934987,329.69928,0.960109,329.69952,0.96388948,329.70013,0.96326482
329.79996,0.95854008,329.79987,0.95955735,329.80051,0.95840645,329.80042,0.95840037,329.79932,0.95721406
329.8999,0.95747483,329.90067,0.95868409,329.89813,0.95869929,329.89975,0.96180063,329.9003,0.96042359
329.99979,0.95585608,330.00043,0.95674795,330.00116,0.95732266,329.99991,0.95948762,330,0.95879084
