test,loss,RNAP_dist,fold_change,k_on,width,threshold
0,0.016965824920854782,66.42900276931513,21.518808661673436,0.0285535639215366,0.2041803422919731,0.2396157378376446
1,0.008342791266907082,271.30615043962473,11.385256711237115,0.0285535639215366,0.2041803422919731,0.2396157378376446
2,0.000413945778766553,264.9878126458059,37.07767962641817,0.0285535639215366,0.2041803422919731,0.2396157378376446
3,0.0008279539665302936,381.9886474345469,48.62553106984098,0.0285535639215366,0.2041803422919731,0.2396157378376446
4,0.0004165295011808574,289.1522978259075,25.39892395061982,0.0285535639215366,0.2041803422919731,0.2396157378376446
5,0.00023990103390452165,278.0554968807287,45.610285687072505,0.0285535639215366,0.2041803422919731,0.2396157378376446
6,0.0015758333502868627,465.2410812133753,21.261915038662835,0.0285535639215366,0.2041803422919731,0.2396157378376446
7,5.6598967542934195e-05,393.9965457454008,27.022828716228787,0.0285535639215366,0.2041803422919731,0.2396157378376446
8,0.004162566681969889,120.20547658782834,31.784341914205207,0.0285535639215366,0.2041803422919731,0.2396157378376446
9,0.019401285777764447,57.02551871360589,43.47247477059065,0.0285535639215366,0.2041803422919731,0.2396157378376446
10,0.00604779554761597,213.0107612460636,14.293835993426987,0.0285535639215366,0.2041803422919731,0.2396157378376446
11,0.06487996068730562,94.25574387729682,13.502292342644383,0.0285535639215366,0.2041803422919731,0.2396157378376446
12,0.00025761761322874634,307.17982581417186,43.99611227558217,0.0285535639215366,0.2041803422919731,0.2396157378376446
13,0.024398796999331198,147.73779431111808,10.368011814108907,0.0285535639215366,0.2041803422919731,0.2396157378376446
14,0.020095139815013992,142.89713505658972,13.13512494171087,0.0285535639215366,0.2041803422919731,0.2396157378376446
15,0.8085401448401289,28.53479135704987,6.226909560726211,0.0285535639215366,0.2041803422919731,0.2396157378376446
16,0.021810453469958798,116.8165079903346,16.45413821815591,0.0285535639215366,0.2041803422919731,0.2396157378376446
17,0.0005973734037649508,368.6739579523356,36.153233471914795,0.0285535639215366,0.2041803422919731,0.2396157378376446
18,0.00012780973968822763,256.88334158120557,30.77282036714027,0.0285535639215366,0.2041803422919731,0.2396157378376446
19,0.0003222561374450126,380.3223069946886,38.83160762231014,0.0285535639215366,0.2041803422919731,0.2396157378376446
20,0.0005089706230497857,470.75591885046686,29.64990411009009,0.0285535639215366,0.2041803422919731,0.2396157378376446
21,0.0002931053822310883,341.8851609991381,29.667132600660054,0.0285535639215366,0.2041803422919731,0.2396157378376446
22,0.0003145662973298116,206.75671358931825,24.793057221779186,0.0285535639215366,0.2041803422919731,0.2396157378376446
23,0.0001813824221140738,417.7809115500006,20.03227725290175,0.0285535639215366,0.2041803422919731,0.2396157378376446
24,8.850953692902231e-05,229.44242122050952,33.69339766696451,0.0285535639215366,0.2041803422919731,0.2396157378376446
25,0.8724795757444784,197.70117788509515,1.8330020349397529,0.0285535639215366,0.2041803422919731,0.2396157378376446
26,0.0016375351262873973,492.7997896361301,33.8300956343044,0.0285535639215366,0.2041803422919731,0.2396157378376446
27,0.00046838919109701375,326.42612232798405,40.2334393918254,0.0285535639215366,0.2041803422919731,0.2396157378376446
28,0.00023601993198038947,233.22273609816776,26.071932066975446,0.0285535639215366,0.2041803422919731,0.2396157378376446
29,0.0009997841238490203,429.9228976897322,18.903036989430113,0.0285535639215366,0.2041803422919731,0.2396157378376446
30,0.0009497733005799148,177.27580119005987,26.369088643944004,0.0285535639215366,0.2041803422919731,0.2396157378376446
31,0.0006953567251585895,409.0192185934324,34.36570203435502,0.0285535639215366,0.2041803422919731,0.2396157378376446
32,0.00023815985405307457,348.9336214236354,41.22858238248306,0.0285535639215366,0.2041803422919731,0.2396157378376446
33,3.679171376248318e-05,232.0913474138819,49.39371489342917,0.0285535639215366,0.2041803422919731,0.2396157378376446
34,0.00025281356911360694,304.18965498937297,49.822574352021235,0.0285535639215366,0.2041803422919731,0.2396157378376446
35,0.028849546535764953,250.5937794506096,7.4796115820437095,0.0285535639215366,0.2041803422919731,0.2396157378376446
36,0.0004597945969228939,174.17762050076823,46.745093979171415,0.0285535639215366,0.2041803422919731,0.2396157378376446
37,9.111044050563304e-05,457.4664122942453,22.53242910569534,0.0285535639215366,0.2041803422919731,0.2396157378376446
38,3.211458324772028,405.1414639801144,0.25381035976229427,0.0285535639215366,0.2041803422919731,0.2396157378376446
39,0.0009364439893727643,498.50555202548856,48.154431444157765,0.0285535639215366,0.2041803422919731,0.2396157378376446
40,9.905770320390488e-05,277.9206958956205,42.996565341182404,0.0285535639215366,0.2041803422919731,0.2396157378376446
41,0.9529895211403129,69.59254477975134,2.8185631870956165,0.0285535639215366,0.2041803422919731,0.2396157378376446
42,0.0014096206454114945,310.7241693525582,17.29732820122696,0.0285535639215366,0.2041803422919731,0.2396157378376446
43,0.00042541598654125885,444.83663566230297,37.596236522741364,0.0285535639215366,0.2041803422919731,0.2396157378376446
44,0.00013405398087708824,289.05149745031065,23.467512790701587,0.0285535639215366,0.2041803422919731,0.2396157378376446
45,0.9897306939900089,20.53795688245114,8.028792135783242,0.0285535639215366,0.2041803422919731,0.2396157378376446
46,0.00016914301689501562,351.65406298391656,27.76107179236823,0.0285535639215366,0.2041803422919731,0.2396157378376446
47,0.0018263558806476772,141.08955865918446,44.232498764581926,0.0285535639215366,0.2041803422919731,0.2396157378376446
48,0.004359397621591048,395.4110498296134,11.311910415073372,0.0285535639215366,0.2041803422919731,0.2396157378376446
49,0.00021549329910503385,370.2997545434212,49.664040714673064,0.0285535639215366,0.2041803422919731,0.2396157378376446
50,0.023879137809466433,91.76979333830775,15.661001501795734,0.0285535639215366,0.2041803422919731,0.2396157378376446
51,0.0008775665428004688,170.18841335132498,47.04162357198676,0.0285535639215366,0.2041803422919731,0.2396157378376446
52,1.7945604175446538e-05,239.64977639302015,36.39246418040365,0.0285535639215366,0.2041803422919731,0.2396157378376446
53,7.66278658248095e-05,223.3872851436775,41.08615529762182,0.0285535639215366,0.2041803422919731,0.2396157378376446
54,0.00010248748012944211,248.30252612314462,36.30157432762185,0.0285535639215366,0.2041803422919731,0.2396157378376446
55,0.0038992681502429396,116.97416124395491,44.99683354515961,0.0285535639215366,0.2041803422919731,0.2396157378376446
56,0.0002776419727855094,197.70699232632236,32.6838035491572,0.0285535639215366,0.2041803422919731,0.2396157378376446
57,0.016902996490076216,54.23002554265861,39.166556849783234,0.0285535639215366,0.2041803422919731,0.2396157378376446
58,0.00015643721331974863,269.2698059390855,41.89219969862087,0.0285535639215366,0.2041803422919731,0.2396157378376446
59,0.0015825601773625084,160.4456383284966,28.39486264721869,0.0285535639215366,0.2041803422919731,0.2396157378376446
60,0.00032163199228784885,330.1118933042982,46.178936504489315,0.0285535639215366,0.2041803422919731,0.2396157378376446
61,0.0049546658180707566,133.17609388932493,35.33093449823701,0.0285535639215366,0.2041803422919731,0.2396157378376446
62,0.0002238478478985844,290.8740991822203,38.38588347153019,0.0285535639215366,0.2041803422919731,0.2396157378376446
63,0.0004970332812963621,185.55926809613152,30.854427089321845,0.0285535639215366,0.2041803422919731,0.2396157378376446
64,2.6590269935854056e-05,239.07595363785822,42.63478610821576,0.0285535639215366,0.2041803422919731,0.2396157378376446
65,2.2707714491668966e-05,240.32399079959202,47.79254438584107,0.0285535639215366,0.2041803422919731,0.2396157378376446
66,4.6710202624042794e-05,244.94484993194285,43.241821767944074,0.0285535639215366,0.2041803422919731,0.2396157378376446
67,0.0004159921585715861,202.43208345105361,40.18446781212443,0.0285535639215366,0.2041803422919731,0.2396157378376446
68,9.788170286445985e-05,263.68626745666035,37.308793342458046,0.0285535639215366,0.2041803422919731,0.2396157378376446
69,0.00023122319814867145,211.60101457660772,47.30643379659493,0.0285535639215366,0.2041803422919731,0.2396157378376446
70,0.0014547494418877137,156.95289605829373,34.83833685983005,0.0285535639215366,0.2041803422919731,0.2396157378376446
71,0.0002053097044949,185.83812841532455,32.37214484667496,0.0285535639215366,0.2041803422919731,0.2396157378376446
72,8.33703222781908e-05,314.49195187845396,48.167094691577624,0.0285535639215366,0.2041803422919731,0.2396157378376446
73,4.943530186343884e-05,286.0385870586259,42.52491219093915,0.0285535639215366,0.2041803422919731,0.2396157378376446
74,3.5725639072819384e-05,220.1138873172481,45.04503751967067,0.0285535639215366,0.2041803422919731,0.2396157378376446
75,0.009316906776517208,103.71609782575948,39.12569965117256,0.0285535639215366,0.2041803422919731,0.2396157378376446
76,0.00010416626896942311,242.5750660336175,29.39924716891742,0.0285535639215366,0.2041803422919731,0.2396157378376446
77,0.00021858605516319316,339.4092801561664,24.346854732359038,0.0285535639215366,0.2041803422919731,0.2396157378376446
78,0.0008783074829872542,361.5709911251737,36.096992430697014,0.0285535639215366,0.2041803422919731,0.2396157378376446
79,7.773782729314815e-05,304.28940702736895,40.2258584215006,0.0285535639215366,0.2041803422919731,0.2396157378376446
80,0.00043613557322235135,187.08612718987163,48.95121849566306,0.0285535639215366,0.2041803422919731,0.2396157378376446
81,0.00016235540405239317,319.69081138905733,33.48945913400293,0.0285535639215366,0.2041803422919731,0.2396157378376446
82,0.006076507268736056,128.0846276208992,21.073329225522883,0.0285535639215366,0.2041803422919731,0.2396157378376446
83,3.335990370414437e-05,280.55422024755006,43.933492005466476,0.0285535639215366,0.2041803422919731,0.2396157378376446
84,2.5358769698942325e-05,294.00379264118266,45.32450028863752,0.0285535639215366,0.2041803422919731,0.2396157378376446
85,0.0008558618187058623,384.6162694194194,45.63941545151526,0.0285535639215366,0.2041803422919731,0.2396157378376446
86,0.0001325245741068658,261.27370936751294,47.65343000251182,0.0285535639215366,0.2041803422919731,0.2396157378376446
87,0.0004370759085507273,298.42066410102115,49.85960679301755,0.0285535639215366,0.2041803422919731,0.2396157378376446
88,8.729666022285761e-06,274.8121732804038,31.4028508134962,0.0285535639215366,0.2041803422919731,0.2396157378376446
89,0.0003070220597066786,333.3670006299718,31.05780369022607,0.0285535639215366,0.2041803422919731,0.2396157378376446
90,0.0005032495199673496,274.57295807879063,29.896747931339206,0.0285535639215366,0.2041803422919731,0.2396157378376446
91,0.001960875095399584,152.72637869146126,25.457148342518433,0.0285535639215366,0.2041803422919731,0.2396157378376446
92,8.157890171987906e-05,221.32113367656655,27.02649657511189,0.0285535639215366,0.2041803422919731,0.2396157378376446
93,0.00035111980080310677,354.8908214356561,17.79643376618492,0.0285535639215366,0.2041803422919731,0.2396157378376446
94,0.00047948418651429735,256.8176649896272,23.12106529171993,0.0285535639215366,0.2041803422919731,0.2396157378376446
95,8.327124935127536e-05,428.29206340009506,21.499022164867764,0.0285535639215366,0.2041803422919731,0.2396157378376446
96,0.0004009522810945117,167.20643811059134,35.56555410582861,0.0285535639215366,0.2041803422919731,0.2396157378376446
97,0.026825256642143934,75.28544365061634,19.085990892174983,0.0285535639215366,0.2041803422919731,0.2396157378376446
98,0.09714458899657616,49.20441256087386,14.527296476968083,0.0285535639215366,0.2041803422919731,0.2396157378376446
99,0.005557786172955185,106.81581306874637,28.51551495997785,0.0285535639215366,0.2041803422919731,0.2396157378376446
100,6.164264926139521e-05,322.5637355220672,32.88221280626609,0.0285535639215366,0.2041803422919731,0.2396157378376446
101,0.0001386639364961054,231.4175807392535,36.89974064448753,0.0285535639215366,0.2041803422919731,0.2396157378376446
102,5.6323216300367356e-05,370.5957759974395,41.1548361103142,0.0285535639215366,0.2041803422919731,0.2396157378376446
103,0.000338039072109695,209.86694529571477,38.00890203217328,0.0285535639215366,0.2041803422919731,0.2396157378376446
104,0.00021068974780116465,474.9466475238239,31.796951630477004,0.0285535639215366,0.2041803422919731,0.2396157378376446
105,0.0026628567194475054,143.26495284777593,24.70442763003821,0.0285535639215366,0.2041803422919731,0.2396157378376446
106,1.4081489503963157e-05,252.910400221473,33.983647793257774,0.0285535639215366,0.2041803422919731,0.2396157378376446
107,0.00013811340803557019,269.23028100830686,34.629625172019615,0.0285535639215366,0.2041803422919731,0.2396157378376446
108,0.00026117791065134656,397.60368234783886,28.68352305493209,0.0285535639215366,0.2041803422919731,0.2396157378376446
109,0.000884486453593262,193.99747825888693,27.15933664173759,0.0285535639215366,0.2041803422919731,0.2396157378376446
110,0.00033527404193826155,345.8162807951409,33.76845298275563,0.0285535639215366,0.2041803422919731,0.2396157378376446
111,1.8553237580974327e-05,254.17424403271707,30.50973153659477,0.0285535639215366,0.2041803422919731,0.2396157378376446
112,0.0001374418967294984,311.9943277838915,26.09513317712526,0.0285535639215366,0.2041803422919731,0.2396157378376446
113,0.00010386174709583953,381.62050497721754,22.65398549326403,0.0285535639215366,0.2041803422919731,0.2396157378376446
114,0.0003922112775338311,179.40931110223238,39.74862754919532,0.0285535639215366,0.2041803422919731,0.2396157378376446
115,0.0016976272725850142,281.94130487357876,19.841552467654374,0.0285535639215366,0.2041803422919731,0.2396157378376446
116,0.0098845388508725,89.62490742210753,37.06155089155736,0.0285535639215366,0.2041803422919731,0.2396157378376446
117,0.004146694177923052,134.29625973595083,31.97114009162453,0.0285535639215366,0.2041803422919731,0.2396157378376446
118,0.06695249700029281,35.621518808161,23.738202913266825,0.0285535639215366,0.2041803422919731,0.2396157378376446
119,0.00028339663265551787,222.4078608336159,41.955994090378205,0.0285535639215366,0.2041803422919731,0.2396157378376446
120,0.002733920145091211,441.42409236089884,12.902968504989616,0.0285535639215366,0.2041803422919731,0.2396157378376446
121,0.04129774757086277,336.23548644155863,3.854588686393509,0.0285535639215366,0.2041803422919731,0.2396157378376446
122,0.00025013277418718444,202.30506475265597,33.19985674763426,0.0285535639215366,0.2041803422919731,0.2396157378376446
123,0.0001032708073071199,298.7227752773274,29.179948657068177,0.0285535639215366,0.2041803422919731,0.2396157378376446
124,0.00020483940345010653,413.9879955667974,27.485772257375906,0.0285535639215366,0.2041803422919731,0.2396157378376446
125,0.00022817965670915408,363.8866880602749,38.59869301293072,0.0285535639215366,0.2041803422919731,0.2396157378376446
126,0.0013954565382850986,165.6067183727268,31.29594198330352,0.0285535639215366,0.2041803422919731,0.2396157378376446
127,0.00010957895173401663,235.4181393101274,36.06166394997867,0.0285535639215366,0.2041803422919731,0.2396157378376446
128,4.401658999692427e-05,214.31504488457273,34.56167295171987,0.0285535639215366,0.2041803422919731,0.2396157378376446
129,0.005063386550773659,192.65345987966063,16.313014932403263,0.0285535639215366,0.2041803422919731,0.2396157378376446
130,0.011436687299405543,251.47662497237107,9.680069864833222,0.0285535639215366,0.2041803422919731,0.2396157378376446
131,0.00048663891436549533,326.56064566711973,20.558177459027704,0.0285535639215366,0.2041803422919731,0.2396157378376446
132,0.0008909230055286442,264.7078735405882,21.971618883358374,0.0285535639215366,0.2041803422919731,0.2396157378376446
133,4.025165367911189e-05,308.95675652087095,44.56343545345108,0.0285535639215366,0.2041803422919731,0.2396157378376446
134,0.012826397240729717,77.94187227682147,26.28067197139849,0.0285535639215366,0.2041803422919731,0.2396157378376446
135,0.00010998048261209863,274.33994370120655,37.81367302342058,0.0285535639215366,0.2041803422919731,0.2396157378376446
136,0.0032828957503721495,120.31576382675055,30.04295705949305,0.0285535639215366,0.2041803422919731,0.2396157378376446
137,0.000592781679318404,290.85257143132554,41.04881811110178,0.0285535639215366,0.2041803422919731,0.2396157378376446
138,0.0010794365033574367,177.83309128087376,25.26124754115058,0.0285535639215366,0.2041803422919731,0.2396157378376446
139,0.0009551646675720743,425.0454439367534,46.2361649214791,0.0285535639215366,0.2041803422919731,0.2396157378376446
140,0.0018815882622687072,157.39559432002142,43.57015409676601,0.0285535639215366,0.2041803422919731,0.2396157378376446
141,0.00024908697055059305,228.18929734738091,27.806732792317927,0.0285535639215366,0.2041803422919731,0.2396157378376446
142,0.00358320305219724,244.06494634102535,17.610532341799715,0.0285535639215366,0.2041803422919731,0.2396157378376446
143,0.007291946871238186,105.69727883639212,39.81686870560514,0.0285535639215366,0.2041803422919731,0.2396157378376446
144,0.00033538623023003633,487.9306633395587,35.36127397387408,0.0285535639215366,0.2041803422919731,0.2396157378376446
145,7.698119934380152e-05,257.76791817354155,32.41536256068621,0.0285535639215366,0.2041803422919731,0.2396157378376446
146,0.0003233435705991493,204.59952678346642,30.568771504639187,0.0285535639215366,0.2041803422919731,0.2396157378376446
147,5.542033485116895e-06,254.14950711631286,36.62179827662593,0.0285535639215366,0.2041803422919731,0.2396157378376446
148,0.00027831691871485226,319.4180669495367,34.294490719356865,0.0285535639215366,0.2041803422919731,0.2396157378376446
149,0.00015125643356033163,282.9613378153053,36.53079189753248,0.0285535639215366,0.2041803422919731,0.2396157378376446
150,0.00018388004737566053,271.15935442004593,38.584539372649076,0.0285535639215366,0.2041803422919731,0.2396157378376446
151,0.00047907674315363904,347.9912898991209,41.871901384587076,0.0285535639215366,0.2041803422919731,0.2396157378376446
152,8.812199170834076e-05,298.601857661302,37.482452900136444,0.0285535639215366,0.2041803422919731,0.2396157378376446
153,0.0001238602442831007,243.28468809440733,33.07692750495096,0.0285535639215366,0.2041803422919731,0.2396157378376446
154,5.3294182194137844e-05,229.3743080247076,31.796688973233817,0.0285535639215366,0.2041803422919731,0.2396157378376446
155,0.0008451925947735662,186.96371367065288,40.74038022950137,0.0285535639215366,0.2041803422919731,0.2396157378376446
156,0.00020351309133301743,219.64447862258768,35.40779942780554,0.0285535639215366,0.2041803422919731,0.2396157378376446
157,0.00023914669264032306,306.20457615964773,23.852441478060904,0.0285535639215366,0.2041803422919731,0.2396157378376446
158,1.9492248397974613e-05,251.9261475708476,39.25818674772582,0.0285535639215366,0.2041803422919731,0.2396157378376446
159,0.00044243933440593543,356.81053230003704,28.67788472119921,0.0285535639215366,0.2041803422919731,0.2396157378376446
160,0.0008716310473183238,374.8135258185483,43.35744357063834,0.0285535639215366,0.2041803422919731,0.2396157378376446
161,0.00010721241679419887,290.0649260812519,33.68710352173766,0.0285535639215366,0.2041803422919731,0.2396157378376446
162,0.00010993048585941981,211.1294735363013,31.1465378586445,0.0285535639215366,0.2041803422919731,0.2396157378376446
163,0.0023231391354841596,149.17335942283577,42.49576286037615,0.0285535639215366,0.2041803422919731,0.2396157378376446
164,0.00037746571674592374,389.39504228505604,29.386483143078607,0.0285535639215366,0.2041803422919731,0.2396157378376446
165,3.1986010026814037e-05,266.34641929526316,26.92732874726582,0.0285535639215366,0.2041803422919731,0.2396157378376446
166,0.00026504874456553264,331.274915576554,36.39670935613692,0.0285535639215366,0.2041803422919731,0.2396157378376446
167,0.00037148356047837463,171.57400878886736,40.04852450349704,0.0285535639215366,0.2041803422919731,0.2396157378376446
168,0.0002350272254016444,197.59844708646926,37.85373128218538,0.0285535639215366,0.2041803422919731,0.2396157378376446
169,1.330192183366251e-05,281.0008733022142,35.1574996934888,0.0285535639215366,0.2041803422919731,0.2396157378376446
170,0.0004495827137058285,313.19827080458026,34.67624321249366,0.0285535639215366,0.2041803422919731,0.2396157378376446
171,4.139934473591504e-05,277.75833826332257,25.20448204190021,0.0285535639215366,0.2041803422919731,0.2396157378376446
172,8.113138055714478e-05,343.923930042537,28.143162699422184,0.0285535639215366,0.2041803422919731,0.2396157378376446
173,0.0007394472539267239,397.3391829222251,32.506466234711645,0.0285535639215366,0.2041803422919731,0.2396157378376446
174,0.00031304543757273507,236.9335413198554,33.71917761364636,0.0285535639215366,0.2041803422919731,0.2396157378376446
175,0.0004595332000138428,325.3139982831125,29.976775116506843,0.0285535639215366,0.2041803422919731,0.2396157378376446
176,0.0004953856410167137,285.3252430929988,22.28980114423715,0.0285535639215366,0.2041803422919731,0.2396157378376446
177,1.582206498243035e-05,263.53564824959614,25.946856755284756,0.0285535639215366,0.2041803422919731,0.2396157378376446
178,0.002214337182771459,299.73173096108576,18.45083208568499,0.0285535639215366,0.2041803422919731,0.2396157378376446
179,3.838564670220623e-05,215.7095745381274,35.35946682062352,0.0285535639215366,0.2041803422919731,0.2396157378376446
180,0.0008383380517382585,440.435414180407,46.83372697570256,0.0285535639215366,0.2041803422919731,0.2396157378376446
181,0.0004103963886815725,336.4041521765532,39.23144972663578,0.0285535639215366,0.2041803422919731,0.2396157378376446
182,0.0002549278790542429,358.42266037118986,44.16225554971117,0.0285535639215366,0.2041803422919731,0.2396157378376446
183,0.0003565543952725403,314.2126826833826,31.08406231259145,0.0285535639215366,0.2041803422919731,0.2396157378376446
184,1.9705333843474382e-05,251.57551774919253,41.51846551403434,0.0285535639215366,0.2041803422919731,0.2396157378376446
185,0.0006057384974631133,373.33990427730566,37.28824640160714,0.0285535639215366,0.2041803422919731,0.2396157378376446
186,3.1956705394943525,231.37507599649203,0.5457212275509384,0.0285535639215366,0.2041803422919731,0.2396157378376446
187,2.0031864948955482e-05,274.6065544214136,27.034232517389572,0.0285535639215366,0.2041803422919731,0.2396157378376446
188,0.0015439627766912789,190.43735096634146,19.92315870563969,0.0285535639215366,0.2041803422919731,0.2396157378376446
189,2.2573563818647778e-05,204.66289454759396,32.29060961907371,0.0285535639215366,0.2041803422919731,0.2396157378376446
190,0.00046509521774400567,180.2098479433381,48.43760774583072,0.0285535639215366,0.2041803422919731,0.2396157378376446
191,7.478896383438568e-05,259.7680447056385,38.70384239016438,0.0285535639215366,0.2041803422919731,0.2396157378376446
192,0.005820495028641249,128.21184176565325,23.356506549874595,0.0285535639215366,0.2041803422919731,0.2396157378376446
193,2.337195445574262e-05,289.7313694516163,29.715432678216537,0.0285535639215366,0.2041803422919731,0.2396157378376446
194,0.003024732742366024,140.10254488228145,45.06469823571658,0.0285535639215366,0.2041803422919731,0.2396157378376446
195,0.0006579576353771554,456.0744184879846,36.290226691536496,0.0285535639215366,0.2041803422919731,0.2396157378376446
196,0.002842591172617533,164.64545057175206,24.211391286608777,0.0285535639215366,0.2041803422919731,0.2396157378376446
197,0.00016297470262244162,320.5004487163344,34.189485869222445,0.0285535639215366,0.2041803422919731,0.2396157378376446
198,0.0001877003910114085,222.88745617202386,40.831571139543165,0.0285535639215366,0.2041803422919731,0.2396157378376446
199,1.691934221216801e-05,305.2432545727571,28.582742508266552,0.0285535639215366,0.2041803422919731,0.2396157378376446
200,0.0008903893837829457,241.117147830913,21.328525835546028,0.0285535639215366,0.2041803422919731,0.2396157378376446
201,8.15261872800328e-05,296.3335938520723,31.706318933897954,0.0285535639215366,0.2041803422919731,0.2396157378376446
202,0.03551901038727612,342.18271800856576,6.255313469065133,0.0285535639215366,0.2041803422919731,0.2396157378376446
203,0.0002661879589148868,351.93657010827485,42.51535654854423,0.0285535639215366,0.2041803422919731,0.2396157378376446
204,7.989303933299831e-05,281.48278365190737,38.05073230529993,0.0285535639215366,0.2041803422919731,0.2396157378376446
205,8.72732500478664e-05,268.2787685608028,45.969040235419214,0.0285535639215366,0.2041803422919731,0.2396157378376446
206,0.0006385529055630565,414.6379894565638,32.84670705921557,0.0285535639215366,0.2041803422919731,0.2396157378376446
207,0.004484583187008454,329.5326868686006,14.092334018348724,0.0285535639215366,0.2041803422919731,0.2396157378376446
208,0.00015007411137940097,249.27019368545197,30.3670733694966,0.0285535639215366,0.2041803422919731,0.2396157378376446
209,0.0005903953987763423,381.03502285708043,35.470540384950986,0.0285535639215366,0.2041803422919731,0.2396157378376446
210,0.00016639391160654807,404.29450364471165,27.879141952445593,0.0285535639215366,0.2041803422919731,0.2396157378376446
211,0.0002227284115726354,211.20112051061312,33.73595662748837,0.0285535639215366,0.2041803422919731,0.2396157378376446
212,0.0007023008427726089,363.3086751310039,26.59079936526441,0.0285535639215366,0.2041803422919731,0.2396157378376446
213,7.285786166177903e-05,231.52699425666256,37.09187659163747,0.0285535639215366,0.2041803422919731,0.2396157378376446
214,0.0003422743048566683,199.22632901893442,40.45880971764238,0.0285535639215366,0.2041803422919731,0.2396157378376446
215,0.0016775422817116915,153.00834495688457,25.195811578565674,0.0285535639215366,0.2041803422919731,0.2396157378376446
216,1.5000141166684648e-06,260.03878524636406,39.564215910406226,0.0285535639215366,0.2041803422919731,0.2396157378376446
217,8.084609498290153e-05,311.71892874468335,48.947185348548395,0.0285535639215366,0.2041803422919731,0.2396157378376446
218,0.001004501814271001,172.7909410498953,42.75225403783087,0.0285535639215366,0.2041803422919731,0.2396157378376446
219,9.917845879769063e-05,260.61133779154477,41.82415837829376,0.0285535639215366,0.2041803422919731,0.2396157378376446
220,6.124699552866347e-05,278.91159032139586,44.73337165611786,0.0285535639215366,0.2041803422919731,0.2396157378376446
221,0.00022963352547105664,302.4782868587034,46.01884711565134,0.0285535639215366,0.2041803422919731,0.2396157378376446
222,0.00017659001572232396,321.0076109434112,47.12834056160332,0.0285535639215366,0.2041803422919731,0.2396157378376446
223,2.3493537418758357e-05,242.1055220334892,39.61917875433461,0.0285535639215366,0.2041803422919731,0.2396157378376446
224,0.00661017854655729,118.99964162282126,34.99054317962685,0.0285535639215366,0.2041803422919731,0.2396157378376446
225,0.0003809107150430523,335.69436504685206,43.808270815792284,0.0285535639215366,0.2041803422919731,0.2396157378376446
226,0.00020550046852653038,221.65645786626817,36.63053815487544,0.0285535639215366,0.2041803422919731,0.2396157378376446
227,4.9567508106287244e-05,290.89156767796806,38.69026371388766,0.0285535639215366,0.2041803422919731,0.2396157378376446
228,5.8531694490076605e-05,270.7747643977503,49.36423228522905,0.0285535639215366,0.2041803422919731,0.2396157378376446
229,0.0005484513370977256,388.7200861854135,31.0170317221788,0.0285535639215366,0.2041803422919731,0.2396157378376446
230,0.0009830321741208892,194.66294177396406,47.90385016893838,0.0285535639215366,0.2041803422919731,0.2396157378376446
231,0.0011267975747550254,184.2536427479808,40.71579763557179,0.0285535639215366,0.2041803422919731,0.2396157378376446
232,1.2599431859309946e-05,258.6402338661012,37.45142616986059,0.0285535639215366,0.2041803422919731,0.2396157378376446
233,0.00927658743074203,97.19523084173858,43.34371008364398,0.0285535639215366,0.2041803422919731,0.2396157378376446
234,2.473713605574664e-05,232.1394267826525,40.09342148256101,0.0285535639215366,0.2041803422919731,0.2396157378376446
235,0.00038024940375350777,209.69573723907558,45.40344918916248,0.0285535639215366,0.2041803422919731,0.2396157378376446
236,0.001665457676659704,158.35023720261438,38.08277821520969,0.0285535639215366,0.2041803422919731,0.2396157378376446
237,4.248038150459931e-05,260.5970764702969,41.88617033460873,0.0285535639215366,0.2041803422919731,0.2396157378376446
238,0.00164456830478067,145.47969936936715,29.169999269807388,0.0285535639215366,0.2041803422919731,0.2396157378376446
239,0.8286657014873009,21.284207939296692,12.436596447844291,0.0285535639215366,0.2041803422919731,0.2396157378376446
240,0.0002932650446894993,218.5847908490975,33.05717312123965,0.0285535639215366,0.2041803422919731,0.2396157378376446
241,0.0250200019162828,85.35492325060665,15.972778306485711,0.0285535639215366,0.2041803422919731,0.2396157378376446
242,0.00037352338023824975,366.86378259223454,35.88008501878002,0.0285535639215366,0.2041803422919731,0.2396157378376446
243,3.955755689158942e-05,254.85156743889263,37.36348094814498,0.0285535639215366,0.2041803422919731,0.2396157378376446
244,0.0005373173079801688,351.04693466384833,39.129335861983506,0.0285535639215366,0.2041803422919731,0.2396157378376446
245,0.04314441681819039,42.65478762153913,42.846462490577686,0.0285535639215366,0.2041803422919731,0.2396157378376446
246,3.538297212838252e-05,241.45330850635239,31.774230537845845,0.0285535639215366,0.2041803422919731,0.2396157378376446
247,0.00036556001329150935,295.33132712608585,44.529401448556705,0.0285535639215366,0.2041803422919731,0.2396157378376446
248,0.0021726231531836713,134.91714334084705,30.24089831013778,0.0285535639215366,0.2041803422919731,0.2396157378376446
249,0.000881503829843574,196.77652154823636,34.17333078056282,0.0285535639215366,0.2041803422919731,0.2396157378376446
250,0.0011656730396494032,177.91068261657298,41.55585172871716,0.0285535639215366,0.2041803422919731,0.2396157378376446
251,0.00014597093576572208,312.8396890000181,46.667752249498555,0.0285535639215366,0.2041803422919731,0.2396157378376446
252,5.870696233817741e-05,249.60067614961508,49.790334878085176,0.0285535639215366,0.2041803422919731,0.2396157378376446
253,0.01766693036156458,270.5571661924588,9.19702568320451,0.0285535639215366,0.2041803422919731,0.2396157378376446
254,0.00020420677025094196,206.64278328298485,36.13838736880852,0.0285535639215366,0.2041803422919731,0.2396157378376446
255,0.0003633357331188651,225.2611213347496,32.74081871846765,0.0285535639215366,0.2041803422919731,0.2396157378376446
256,0.00023959863809066667,286.5706291364437,24.576200597663643,0.0285535639215366,0.2041803422919731,0.2396157378376446
257,0.00034954162537338814,303.86001908964994,35.26680371217765,0.0285535639215366,0.2041803422919731,0.2396157378376446
258,8.908437083880787e-05,279.4356746306589,37.20279572372269,0.0285535639215366,0.2041803422919731,0.2396157378376446
259,0.0005547625742204693,327.92504332253424,38.356830147911936,0.0285535639215366,0.2041803422919731,0.2396157378376446
260,0.00015212119254264726,342.4797314963335,34.58456032274145,0.0285535639215366,0.2041803422919731,0.2396157378376446
261,0.00032899264436062574,233.08466136653243,39.600971876063916,0.0285535639215366,0.2041803422919731,0.2396157378376446
262,1.9080268766867567e-05,261.338689131352,27.87202091578589,0.0285535639215366,0.2041803422919731,0.2396157378376446
263,0.00020076274138153692,284.66059724314493,31.74654722247531,0.0285535639215366,0.2041803422919731,0.2396157378376446
264,4.7329342647356107e-05,271.0447162556117,33.477293823888964,0.0285535639215366,0.2041803422919731,0.2396157378376446
265,0.00039085670339695003,321.4767374669123,29.53571348446085,0.0285535639215366,0.2041803422919731,0.2396157378376446
266,1.6378212960156655e-05,244.08743923858736,40.770253813139355,0.0285535639215366,0.2041803422919731,0.2396157378376446
267,7.940132102457519e-05,308.57902777677447,36.8849411001929,0.0285535639215366,0.2041803422919731,0.2396157378376446
268,0.00013481380712938656,254.76921047666858,35.861499606358066,0.0285535639215366,0.2041803422919731,0.2396157378376446
269,8.506255554919055e-05,215.94881717858217,39.13586443773232,0.0285535639215366,0.2041803422919731,0.2396157378376446
270,0.00011756834787141917,299.5935676345901,26.123798895193026,0.0285535639215366,0.2041803422919731,0.2396157378376446
271,9.400615536072919e-05,278.07263842622956,38.18470172141823,0.0285535639215366,0.2041803422919731,0.2396157378376446
272,0.00011068856534953309,291.8916529201756,30.661120506614335,0.0285535639215366,0.2041803422919731,0.2396157378376446
273,0.0001555085955490377,334.8822409701383,35.09939235104862,0.0285535639215366,0.2041803422919731,0.2396157378376446
274,0.00016242106338944343,263.54680107377027,43.304046002446846,0.0285535639215366,0.2041803422919731,0.2396157378376446
275,0.00023341211680276593,186.62181891484448,32.31931387160418,0.0285535639215366,0.2041803422919731,0.2396157378376446
276,0.00017101480844860338,244.73787617299794,40.30060966213647,0.0285535639215366,0.2041803422919731,0.2396157378376446
277,3.5355183072513146e-05,225.64362721036144,28.983503303941834,0.0285535639215366,0.2041803422919731,0.2396157378376446
278,0.00014920234371039,315.63341722407256,33.90111567372725,0.0285535639215366,0.2041803422919731,0.2396157378376446
279,4.02581577798875e-05,236.01003267680647,27.410231921846584,0.0285535639215366,0.2041803422919731,0.2396157378376446
280,0.001199201404118661,168.43284472302264,42.39226616472552,0.0285535639215366,0.2041803422919731,0.2396157378376446
281,0.0007608231574971634,354.985720358639,36.606325933814325,0.0285535639215366,0.2041803422919731,0.2396157378376446
282,0.00018967837138835766,207.08067006855188,41.139683566348886,0.0285535639215366,0.2041803422919731,0.2396157378376446
283,1.9102362593791233e-05,275.1714477806758,37.85896227270365,0.0285535639215366,0.2041803422919731,0.2396157378376446
284,0.00017931201562779056,251.39720401672656,43.937567654453375,0.0285535639215366,0.2041803422919731,0.2396157378376446
285,0.00022212920900132973,325.4652032396121,30.87973420665552,0.0285535639215366,0.2041803422919731,0.2396157378376446
286,0.00011688077373426778,296.9983673617163,34.60940041152507,0.0285535639215366,0.2041803422919731,0.2396157378376446
287,5.0722554576106134e-05,216.57915030688963,32.66338204136159,0.0285535639215366,0.2041803422919731,0.2396157378376446
288,0.0001272850112442359,283.9993562225303,39.127019698089214,0.0285535639215366,0.2041803422919731,0.2396157378376446
289,9.897674455017655e-05,345.8567763036477,35.93115145512623,0.0285535639215366,0.2041803422919731,0.2396157378376446
290,0.0004525318254936225,379.4797727539933,44.77873977138305,0.0285535639215366,0.2041803422919731,0.2396157378376446
291,0.0001713884254787664,266.3621770989608,22.55903786895618,0.0285535639215366,0.2041803422919731,0.2396157378376446
292,0.0001431230668029508,235.85325987048572,33.36358281451715,0.0285535639215366,0.2041803422919731,0.2396157378376446
293,0.0004585428139637907,370.9450750724585,39.81154186614853,0.0285535639215366,0.2041803422919731,0.2396157378376446
294,0.11153031962662507,196.10309647209942,3.6915048185262087,0.0285535639215366,0.2041803422919731,0.2396157378376446
295,0.0005059983125789084,306.518575720631,31.221630897580155,0.0285535639215366,0.2041803422919731,0.2396157378376446
296,3.717073414497444e-05,228.83072893410682,28.740039759790633,0.0285535639215366,0.2041803422919731,0.2396157378376446
297,0.00040665280950134364,257.93708110209525,41.64072087868419,0.0285535639215366,0.2041803422919731,0.2396157378376446
298,6.98853702640861e-05,290.3690874167709,37.21318132306259,0.0285535639215366,0.2041803422919731,0.2396157378376446
299,0.000706229123459363,183.99651374571542,47.55731547346984,0.0285535639215366,0.2041803422919731,0.2396157378376446
300,0.0002619019159227382,202.57959252439719,45.870062857686314,0.0285535639215366,0.2041803422919731,0.2396157378376446
301,0.0009361127757087444,162.23314934051552,35.06130561786684,0.0285535639215366,0.2041803422919731,0.2396157378376446
302,1.5463981054833797e-05,273.2159688167437,26.3605540974984,0.0285535639215366,0.2041803422919731,0.2396157378376446
303,5.671204623955596e-05,246.45989741248218,38.54633225344302,0.0285535639215366,0.2041803422919731,0.2396157378376446
304,0.000703569992868944,407.0291364421453,29.86720768852026,0.0285535639215366,0.2041803422919731,0.2396157378376446
305,0.0007898631792388308,335.2606054974877,18.926268631252228,0.0285535639215366,0.2041803422919731,0.2396157378376446
306,0.00010011513954509816,320.3144904888155,42.47577857605669,0.0285535639215366,0.2041803422919731,0.2396157378376446
307,6.95530729723168e-05,305.92749597891265,32.26995333690682,0.0285535639215366,0.2041803422919731,0.2396157378376446
308,0.00014381472603578559,211.78025133463356,25.447125057705797,0.0285535639215366,0.2041803422919731,0.2396157378376446
309,0.00012295468297516963,362.65194693296473,23.848146247149003,0.0285535639215366,0.2041803422919731,0.2396157378376446
310,1.164270990000596e-05,236.60356330251926,36.421091985178606,0.0285535639215366,0.2041803422919731,0.2396157378376446
311,0.001304766534046418,171.31403404068055,40.84662896069973,0.0285535639215366,0.2041803422919731,0.2396157378376446
312,0.0007931768153935708,190.51195605743226,48.64584342323553,0.0285535639215366,0.2041803422919731,0.2396157378376446
313,0.007349288353339792,123.68795495997308,37.57380867516353,0.0285535639215366,0.2041803422919731,0.2396157378376446
314,0.00041688426646010725,221.48550080965816,36.42408161306987,0.0285535639215366,0.2041803422919731,0.2396157378376446
315,0.0017813396760643675,148.7452306825179,43.88882541817773,0.0285535639215366,0.2041803422919731,0.2396157378376446
316,0.01341382285713358,67.20001403328553,33.76636045010315,0.0285535639215366,0.2041803422919731,0.2396157378376446
317,0.00013001745447423576,225.58106469367505,39.96657566553355,0.0285535639215366,0.2041803422919731,0.2396157378376446
318,0.00042324094153399483,201.40626624541744,28.39620586353055,0.0285535639215366,0.2041803422919731,0.2396157378376446
319,0.005789774255743176,110.83679285589264,46.83276039236167,0.0285535639215366,0.2041803422919731,0.2396157378376446
320,3.2885216017181276e-05,237.74510504929145,38.570100709141535,0.0285535639215366,0.2041803422919731,0.2396157378376446
321,0.0004551020762013078,175.60809123557726,31.529092442593917,0.0285535639215366,0.2041803422919731,0.2396157378376446
322,2.6970152563521616e-06,263.20838211433517,45.62751825428269,0.0285535639215366,0.2041803422919731,0.2396157378376446
323,7.005019133104464e-05,269.0038827288279,48.835524835200154,0.0285535639215366,0.2041803422919731,0.2396157378376446
324,0.0002818860788366108,251.4928817365139,47.84966179105325,0.0285535639215366,0.2041803422919731,0.2396157378376446
325,1.3754911274769007e-05,211.70729381277354,44.785190340362725,0.0285535639215366,0.2041803422919731,0.2396157378376446
326,0.0020968241517252185,138.7898955442609,49.699422181173716,0.0285535639215366,0.2041803422919731,0.2396157378376446
327,0.0003387876191852549,293.43509947346735,42.61235245638828,0.0285535639215366,0.2041803422919731,0.2396157378376446
328,0.0013767686222612918,155.60030870965755,49.87908801041191,0.0285535639215366,0.2041803422919731,0.2396157378376446
329,0.00021107405571191482,282.6880334277956,44.209695948703285,0.0285535639215366,0.2041803422919731,0.2396157378376446
330,9.623589931560281e-06,244.06140895244093,42.72628488411457,0.0285535639215366,0.2041803422919731,0.2396157378376446
331,0.0003320761651248443,249.90672434737576,47.00901223474646,0.0285535639215366,0.2041803422919731,0.2396157378376446
332,0.0004861518126626279,314.2721065607626,46.12100849087348,0.0285535639215366,0.2041803422919731,0.2396157378376446
333,0.00010086897919589735,265.062848079405,45.998212031802325,0.0285535639215366,0.2041803422919731,0.2396157378376446
334,0.0003373568277036126,301.0262916723942,45.446653367799364,0.0285535639215366,0.2041803422919731,0.2396157378376446
335,0.00035197832859280647,192.67121152258798,48.33067595942847,0.0285535639215366,0.2041803422919731,0.2396157378376446
336,3.251087163100786e-05,226.14863105903405,43.7997144025026,0.0285535639215366,0.2041803422919731,0.2396157378376446
337,0.00013732272350589468,395.72801661744074,41.49116213409356,0.0285535639215366,0.2041803422919731,0.2396157378376446
338,0.0002821175671380138,330.22305840681884,45.28064720024664,0.0285535639215366,0.2041803422919731,0.2396157378376446
339,0.0012015530703334163,182.33582736826773,43.570230801611565,0.0285535639215366,0.2041803422919731,0.2396157378376446
340,0.00011485251600388183,344.47765670367113,41.97317316278884,0.0285535639215366,0.2041803422919731,0.2396157378376446
341,0.00019452773410217497,276.046035570464,47.06064264956093,0.0285535639215366,0.2041803422919731,0.2396157378376446
342,5.1401785084876786e-05,244.7036445240615,40.558257615066864,0.0285535639215366,0.2041803422919731,0.2396157378376446
343,0.00020299088231242923,215.400900486863,43.13728989995157,0.0285535639215366,0.2041803422919731,0.2396157378376446
344,0.0001623539041866671,289.2695967658876,47.790637511336364,0.0285535639215366,0.2041803422919731,0.2396157378376446
345,0.00312852438558542,164.8452173091053,39.00809791034226,0.0285535639215366,0.2041803422919731,0.2396157378376446
346,5.3280599043114373e-05,258.973222352118,44.75866278232684,0.0285535639215366,0.2041803422919731,0.2396157378376446
347,0.00020712953808946926,202.50889773478255,49.54318789625253,0.0285535639215366,0.2041803422919731,0.2396157378376446
348,7.518275743534554e-05,236.54284408990094,39.78410339957486,0.0285535639215366,0.2041803422919731,0.2396157378376446
349,5.3868322375105396e-06,298.7540800311232,42.410603834677744,0.0285535639215366,0.2041803422919731,0.2396157378376446
350,0.0008771354717444026,476.81424641620515,41.361793421931424,0.0285535639215366,0.2041803422919731,0.2396157378376446
351,0.0004350800146552424,384.11799440445054,34.536162911141574,0.0285535639215366,0.2041803422919731,0.2396157378376446
352,0.0005020895160539636,354.47508404106463,20.380861368833653,0.0285535639215366,0.2041803422919731,0.2396157378376446
353,0.001630468197193155,333.9311858828561,14.983767173417121,0.0285535639215366,0.2041803422919731,0.2396157378376446
354,0.0005657878419455908,319.0716472242802,49.896749985249045,0.0285535639215366,0.2041803422919731,0.2396157378376446
355,0.00029661142983891046,370.182184825337,48.65860051092881,0.0285535639215366,0.2041803422919731,0.2396157378376446
356,0.0004749491843726214,304.6499975337766,38.03488098330251,0.0285535639215366,0.2041803422919731,0.2396157378376446
357,0.0005284671434803061,435.9090726815659,46.40552707502443,0.0285535639215366,0.2041803422919731,0.2396157378376446
358,0.0003692476461617621,458.40757141164113,40.65744366340767,0.0285535639215366,0.2041803422919731,0.2396157378376446
359,0.00022870668734453588,421.9819432414066,42.06511627827427,0.0285535639215366,0.2041803422919731,0.2396157378376446
360,0.00012545265047128387,311.636092698973,39.596084660146644,0.0285535639215366,0.2041803422919731,0.2396157378376446
361,0.0003031958065264478,339.9560053142683,35.52147050720291,0.0285535639215366,0.2041803422919731,0.2396157378376446
362,4.4846973267556416e-05,294.10968061887786,43.99701066519014,0.0285535639215366,0.2041803422919731,0.2396157378376446
363,0.00012687996086667547,359.297153142487,32.99241998505903,0.0285535639215366,0.2041803422919731,0.2396157378376446
364,0.010856572462294836,276.3188983826062,11.214500674160243,0.0285535639215366,0.2041803422919731,0.2396157378376446
365,0.00010195891108724047,286.256490305229,27.18540049057435,0.0285535639215366,0.2041803422919731,0.2396157378376446
366,2.8164601415926263e-05,325.20979427535315,45.55896107539226,0.0285535639215366,0.2041803422919731,0.2396157378376446
367,5.470406002592635e-05,261.12967839673297,47.541446081332104,0.0285535639215366,0.2041803422919731,0.2396157378376446
368,6.89465782770541e-05,270.5904867388282,30.27585201920928,0.0285535639215366,0.2041803422919731,0.2396157378376446
369,0.00035185410843105057,296.7655374842901,37.30139233638516,0.0285535639215366,0.2041803422919731,0.2396157378376446
370,0.00020197697571705542,348.99403336984454,42.96922336152631,0.0285535639215366,0.2041803422919731,0.2396157378376446
371,0.00018698137148912287,309.3490365978773,39.08154358679997,0.0285535639215366,0.2041803422919731,0.2396157378376446
372,0.0005524076684756744,393.7204019938756,34.04067252925243,0.0285535639215366,0.2041803422919731,0.2396157378376446
373,0.00017054793278227927,327.66741661548383,41.10220290062474,0.0285535639215366,0.2041803422919731,0.2396157378376446
374,0.0008563012017460109,407.57185660180915,36.09517784257582,0.0285535639215366,0.2041803422919731,0.2396157378376446
375,0.00015359076545521863,229.0288304578345,38.13086864346499,0.0285535639215366,0.2041803422919731,0.2396157378376446
376,0.00011940934790132554,252.46339948970274,44.891292521629666,0.0285535639215366,0.2041803422919731,0.2396157378376446
377,0.0001057412981196127,283.94963894620867,40.14070025193977,0.0285535639215366,0.2041803422919731,0.2396157378376446
378,7.39894769384256e-05,376.3625436621102,29.31219195614294,0.0285535639215366,0.2041803422919731,0.2396157378376446
379,0.0005161449566152643,341.24810002436305,21.5362897249356,0.0285535639215366,0.2041803422919731,0.2396157378376446
380,2.3183286921922966e-05,266.69705644341025,46.26178990108451,0.0285535639215366,0.2041803422919731,0.2396157378376446
381,0.00025649303709811223,301.9437748397478,31.6899920764399,0.0285535639215366,0.2041803422919731,0.2396157378376446
382,2.9557844798510137e-05,319.7352199991275,41.98350820345132,0.0285535639215366,0.2041803422919731,0.2396157378376446
383,0.0007292462888112471,214.22414854856254,43.25778394257945,0.0285535639215366,0.2041803422919731,0.2396157378376446
384,0.0010996141854625887,498.5190207715692,34.70340753201494,0.0285535639215366,0.2041803422919731,0.2396157378376446
385,8.250420490793146e-05,222.25261466400784,49.91298062434563,0.0285535639215366,0.2041803422919731,0.2396157378376446
386,2.4257981875583154,280.1392514484023,0.8554421822254987,0.0285535639215366,0.2041803422919731,0.2396157378376446
387,0.00013947136721232482,255.43245370774974,36.63233048374033,0.0285535639215366,0.2041803422919731,0.2396157378376446
388,0.0001374279099492926,352.7455075639544,23.095679334554347,0.0285535639215366,0.2041803422919731,0.2396157378376446
389,0.03368105505096889,367.60553522122336,7.604024051285425,0.0285535639215366,0.2041803422919731,0.2396157378376446
390,9.035450856854842e-05,297.05404724850484,24.581613451014878,0.0285535639215366,0.2041803422919731,0.2396157378376446
391,0.00018881573335559286,237.79665251251532,33.213214680304404,0.0285535639215366,0.2041803422919731,0.2396157378376446
392,0.00022080973343424826,311.9814297912674,48.53882362002637,0.0285535639215366,0.2041803422919731,0.2396157378376446
393,0.0008512472839694838,179.53453360365106,46.877038210018775,0.0285535639215366,0.2041803422919731,0.2396157378376446
394,0.00023388128167319485,194.11650841977792,44.50925711771293,0.0285535639215366,0.2041803422919731,0.2396157378376446
395,0.01246459845982794,58.1017192537434,39.01403716464716,0.0285535639215366,0.2041803422919731,0.2396157378376446
396,0.000502590294953145,204.35691472862203,27.692019719011316,0.0285535639215366,0.2041803422919731,0.2396157378376446
397,7.681539490179767e-05,270.9472420442219,30.569257257529067,0.0285535639215366,0.2041803422919731,0.2396157378376446
398,2.7860140289897264e-05,245.14174182100322,37.32428213168213,0.0285535639215366,0.2041803422919731,0.2396157378376446
399,0.003171862702305929,289.39514140126454,17.488560724699354,0.0285535639215366,0.2041803422919731,0.2396157378376446
